,ID,FolderName,PlantNumber,Side,Start,End,RootVolume,Genotype,Stage,WasSegmented,ImageSegments,Width
0,ID_826322_Lbmaya,A6dzrkjqvl,3,L,33,42,0.9,IITA-TMS-IBA000070,Early,False,merged_images\train\ID_826322_Lbmaya.png,908
1,ID_718181_Bslpwx,Ypktwvqjbn,7,L,33,41,1.5,IBA154810,Early,False,merged_images\train\ID_718181_Bslpwx.png,951
2,ID_465762_L1n61d,Ox18ob0syv,4,R,21,28,2.7,IBA980581,Early,False,merged_images\train\ID_465762_L1n61d.png,54
3,ID_626872_Pbmx2e,Hqcekwpxgu,2,R,30,39,2.6,IITA-TMS-IBA000070,Early,False,merged_images\train\ID_626872_Pbmx2e.png,932
4,ID_518846_Opko8c,Ummqfuetoc,1,R,17,26,2.7,IBA980581,Early,False,merged_images\train\ID_518846_Opko8c.png,72
5,ID_167189_Lxr1uc,B5myqsh1wi,4,R,26,35,1.3,TMEB419,Early,False,merged_images\train\ID_167189_Lxr1uc.png,880
6,ID_171226_Jaqvha,L8w7zu7wek,5,R,27,33,4.5,IITA-TMS-IBA000070,Early,False,merged_images\train\ID_171226_Jaqvha.png,34
7,ID_174315_Lw9ftc,Izbgyxre0g,2,L,24,37,3.7,IBA154810,Early,False,merged_images\train\ID_174315_Lw9ftc.png,947
8,ID_216014_Djn5n6,Vinlgebupo,2,L,23,29,0.4,IBA980581,Early,False,merged_images\train\ID_216014_Djn5n6.png,849
9,ID_737506_Hrpn4d,Hc3b9gicdo,5,L,37,45,3.1,IITA-TMS-IBA000070,Early,False,merged_images\train\ID_737506_Hrpn4d.png,978
10,ID_199600_Ewizmo,Lzkaccojep,4,L,24,39,6.2,TMEB419,Early,False,merged_images\train\ID_199600_Ewizmo.png,956
11,ID_435671_Aebsus,Q4uyruus4j,4,R,27,33,2.8,IBA980581,Early,False,merged_images\train\ID_435671_Aebsus.png,58
12,ID_619181_Naqnhc,Yxmmb4wt55,4,R,17,32,3.0,IITA-TMS-IBA000070,Early,False,merged_images\train\ID_619181_Naqnhc.png,44
13,ID_386102_Nxfbxd,Sauopakhvn,4,R,21,45,0.5,TMEB419,Early,False,merged_images\train\ID_386102_Nxfbxd.png,1104
14,ID_989335_Vfh75b,Mpmvh2mgm3,3,L,32,40,4.9,TMEB419,Early,False,merged_images\train\ID_989335_Vfh75b.png,1030
15,ID_130988_Lor3j3,B8x7mhxe6z,1,R,20,30,0.8,IBA154810,Early,False,merged_images\train\ID_130988_Lor3j3.png,118
16,ID_748330_Wng7lt,Kjvcz6bjfj,5,R,26,39,0.2,IBA980581,Early,False,merged_images\train\ID_748330_Wng7lt.png,23
17,ID_682864_Lewqed,Ntqusw7xpb,4,R,37,46,2.2,TMEB419,Early,False,merged_images\train\ID_682864_Lewqed.png,1030
18,ID_541673_F5dfwh,Ecxdebmlnr,3,R,25,36,0.02,IITA-TMS-IBA000070,Early,False,merged_images\train\ID_541673_F5dfwh.png,64
19,ID_700584_N3yrce,V6awcupt6m,5,R,28,39,2.3,TMEB693,Early,False,merged_images\train\ID_700584_N3yrce.png,1008
20,ID_389935_Wf0rvu,Ah4ubi4ggi,5,R,27,44,2.3,IITA-TMS-IBA000070,Early,False,merged_images\train\ID_389935_Wf0rvu.png,62
21,ID_916044_G6ck2f,Ph2ti2sjzu,3,L,22,35,0.01,IBA980581,Early,False,merged_images\train\ID_916044_G6ck2f.png,943
22,ID_414102_Nbkm4z,Vlqr6qhbqk,2,R,32,40,1.8,IBA154810,Early,False,merged_images\train\ID_414102_Nbkm4z.png,33
23,ID_912053_Mg3hwe,Idiolerx47,5,L,10,20,3.0,IITA-TMS-IBA000070,Late,False,merged_images\train\ID_912053_Mg3hwe.png,124
24,ID_661969_Lnu1x9,Pw4ytibfql,4,L,25,32,1.5,TMEB419,Early,False,merged_images\train\ID_661969_Lnu1x9.png,956
25,ID_522599_Uvg4bq,Gernxgxbnu,5,L,14,19,0.0,TMEB419,Late,True,merged_images\train\ID_522599_Uvg4bq.png,108
26,ID_598519_Gvxcep,Lsdgz02kdp,7,L,29,40,2.1,TMEB693,Early,False,merged_images\train\ID_598519_Gvxcep.png,1027
27,ID_885908_Ijv0l9,Mpmvh2mgm3,4,L,32,40,4.8,TMEB419,Early,False,merged_images\train\ID_885908_Ijv0l9.png,1030
28,ID_327566_Rnomjq,Xrrcqvdbkw,5,R,27,36,2.9,IBA154810,Early,False,merged_images\train\ID_327566_Rnomjq.png,44
29,ID_661938_Ejfr2m,Zplb9xaxis,3,L,19,26,0.3,TMEB693,Late,False,merged_images\train\ID_661938_Ejfr2m.png,60
30,ID_871687_Ojcyma,Dz9lpsl9ae,5,L,37,46,1.4,TMEB419,Early,False,merged_images\train\ID_871687_Ojcyma.png,862
31,ID_824915_A9kvq3,Vlcavd4dwj,5,L,34,42,4.5,IITA-TMS-IBA000070,Early,False,merged_images\train\ID_824915_A9kvq3.png,997
32,ID_624401_Iohnop,Ifqbqqrika,2,L,26,32,1.4,TMEB693,Early,False,merged_images\train\ID_624401_Iohnop.png,913
33,ID_134905_Id9pcw,Qhqftdiz4q,5,R,49,60,1.9,IITA-TMS-IBA000070,Early,False,merged_images\train\ID_134905_Id9pcw.png,899
34,ID_260205_Ehppmv,Qhqftdiz4q,4,R,49,60,4.5,IITA-TMS-IBA000070,Early,False,merged_images\train\ID_260205_Ehppmv.png,899
35,ID_794937_Y224fs,Pw4ytibfql,5,L,25,32,1.9,TMEB419,Early,False,merged_images\train\ID_794937_Y224fs.png,956
36,ID_677302_Zjlged,Ah4ubi4ggi,4,L,42,49,0.8,IITA-TMS-IBA000070,Early,False,merged_images\train\ID_677302_Zjlged.png,903
37,ID_432572_Ygv3sh,Xdi1ipcemf,5,R,32,38,4.2,IITA-TMS-IBA000070,Early,False,merged_images\train\ID_432572_Ygv3sh.png,978
38,ID_387368_Aitmyp,Yznlv6wrsh,3,L,30,39,0.4,DIXON,Early,False,merged_images\train\ID_387368_Aitmyp.png,901
39,ID_684183_Sdvb3a,Pctl4tyb9l,4,L,46,53,7.9,IITA-TMS-IBA000070,Early,False,merged_images\train\ID_684183_Sdvb3a.png,937
40,ID_477341_Almkhm,Ubgsvkns3h,4,L,33,40,0.65,IKN130010,Early,False,merged_images\train\ID_477341_Almkhm.png,902
41,ID_612373_P9lo1t,Wgutyon8uu,5,R,23,37,1.8,TMEB419,Early,False,merged_images\train\ID_612373_P9lo1t.png,1050
42,ID_605863_Gfc23p,Rzyf8hal4j,7,L,32,40,1.3,IBA154810,Early,False,merged_images\train\ID_605863_Gfc23p.png,33
43,ID_308291_Wsm6xe,Ummqfuetoc,5,L,25,32,2.1,IBA980581,Early,False,merged_images\train\ID_308291_Wsm6xe.png,993
44,ID_819632_Ytjapa,Mskdmpitqk,3,R,27,36,1.4,TMEB419,Early,False,merged_images\train\ID_819632_Ytjapa.png,38
45,ID_469361_Rhupas,Mskdmpitqk,4,R,27,36,2.1,TMEB419,Early,False,merged_images\train\ID_469361_Rhupas.png,38
46,ID_935675_Rve787,Me1ufzzcxk,5,R,23,32,0.02,TMEB419,Early,False,merged_images\train\ID_935675_Rve787.png,947
47,ID_456912_Blrqzy,Ah4ubi4ggi,3,L,42,49,2.3,IITA-TMS-IBA000070,Early,False,merged_images\train\ID_456912_Blrqzy.png,903
48,ID_601291_Krxvyc,Mylwjeq6tq,4,R,19,42,2.7,IBA980581,Early,False,merged_images\train\ID_601291_Krxvyc.png,1006
49,ID_804694_Fiysfq,Ifqbqqrika,6,L,26,32,0.8,TMEB693,Early,False,merged_images\train\ID_804694_Fiysfq.png,913
50,ID_619512_Hveydf,Dz9lpsl9ae,2,R,45,50,0.9,TMEB419,Early,False,merged_images\train\ID_619512_Hveydf.png,43
51,ID_613613_Nlusan,Qinorm9cg3,6,R,22,30,0.4,IBA980581,Early,False,merged_images\train\ID_613613_Nlusan.png,921
52,ID_211500_Ndgm1d,Vbkivqphuz,5,L,20,32,2.1,TMEB693,Early,False,merged_images\train\ID_211500_Ndgm1d.png,955
53,ID_972865_Fn6ars,Puya1uaaln,3,R,16,37,3.8,TMEB419,Early,False,merged_images\train\ID_972865_Fn6ars.png,37
54,ID_885233_Ay9evt,Ifqbqqrika,3,R,20,25,0.3,TMEB693,Early,False,merged_images\train\ID_885233_Ay9evt.png,908
55,ID_378379_Edfqp5,Lsdgz02kdp,4,R,17,27,1.7,TMEB693,Early,False,merged_images\train\ID_378379_Edfqp5.png,1035
56,ID_470797_Ayxwed,Dz9lpsl9ae,3,L,37,46,2.5,TMEB419,Early,False,merged_images\train\ID_470797_Ayxwed.png,862
57,ID_636792_Iqfew2,L5l1h3kekg,4,L,38,50,1.4,IITA-TMS-IBA000070,Early,False,merged_images\train\ID_636792_Iqfew2.png,41
58,ID_930483_Dtfg1r,Pucqtyga9u,3,L,30,40,0.5,TMEB419,Early,False,merged_images\train\ID_930483_Dtfg1r.png,899
59,ID_543377_Puizhy,Puya1uaaln,4,R,16,37,1.9,TMEB419,Early,False,merged_images\train\ID_543377_Puizhy.png,37
60,ID_588554_Hzpbye,P3om3dfa78,1,R,21,31,0.9,TMEB419,Early,False,merged_images\train\ID_588554_Hzpbye.png,61
61,ID_750705_Fl3z8e,Ot13d4nq6t,3,L,41,50,0.5,DIXON,Early,False,merged_images\train\ID_750705_Fl3z8e.png,935
62,ID_326412_Yepco3,Jtcfkuovxk,4,R,28,45,0.4,TMEB693,Early,False,merged_images\train\ID_326412_Yepco3.png,966
63,ID_717973_Dmcd2q,Vinlgebupo,6,L,23,29,0.8,IBA980581,Early,False,merged_images\train\ID_717973_Dmcd2q.png,849
64,ID_434216_Bjmknr,F3odypnsyf,5,L,15,23,3.4,IITA-TMS-IBA000070,Late,True,merged_images\train\ID_434216_Bjmknr.png,113
65,ID_147245_X3bsuc,Wgutyon8uu,3,L,18,45,1.8,TMEB419,Early,False,merged_images\train\ID_147245_X3bsuc.png,26
66,ID_643905_Ruonfx,Lwuwokuhrf,5,R,15,30,5.8,TMEB419,Early,False,merged_images\train\ID_643905_Ruonfx.png,112
67,ID_279168_I3ptav,Hzapvbcfm8,4,R,24,30,1.4,IBA154810,Early,False,merged_images\train\ID_279168_I3ptav.png,938
68,ID_772320_Mbgwbz,Vbkivqphuz,3,R,30,38,2.1,TMEB693,Early,False,merged_images\train\ID_772320_Mbgwbz.png,943
69,ID_262580_W6oitf,H9lomh5fxk,5,L,40,50,0.3,TMEB419,Early,False,merged_images\train\ID_262580_W6oitf.png,26
70,ID_311146_Vhntsv,L8w7zu7wek,3,L,33,51,4.5,IITA-TMS-IBA000070,Early,False,merged_images\train\ID_311146_Vhntsv.png,964
71,ID_721485_Slgu6q,Mskdmpitqk,4,L,21,36,2.1,TMEB419,Early,False,merged_images\train\ID_721485_Slgu6q.png,83
72,ID_714845_Rfhbdv,Isdzz86frg,6,L,10,23,2.3,IITA-TMS-IBA000070,Late,False,merged_images\train\ID_714845_Rfhbdv.png,162
73,ID_677067_Lk1opz,S6lk1xauct,5,L,28,33,2.3,TMEB419,Early,False,merged_images\train\ID_677067_Lk1opz.png,868
74,ID_364756_Ypesry,Jrem9eo37e,5,L,29,36,2.6,IBA154810,Early,False,merged_images\train\ID_364756_Ypesry.png,907
75,ID_106896_Zl2dzl,Pucqtyga9u,6,R,37,43,1.5,TMEB419,Early,False,merged_images\train\ID_106896_Zl2dzl.png,905
76,ID_820530_Axdmox,Pw4ytibfql,2,R,28,35,1.4,TMEB419,Early,False,merged_images\train\ID_820530_Axdmox.png,26
77,ID_543302_Ce9sym,Yjzw2bylox,6,L,25,32,0.9,TMEB693,Early,False,merged_images\train\ID_543302_Ce9sym.png,1011
78,ID_381199_Gmjp9s,V6awcupt6m,6,L,34,41,0.2,TMEB693,Early,False,merged_images\train\ID_381199_Gmjp9s.png,26
79,ID_568055_Ynpzbb,Xydfltswbm,5,L,43,50,2.5,IBA154810,Early,False,merged_images\train\ID_568055_Ynpzbb.png,985
80,ID_162495_Ppjteb,Pucqtyga9u,2,R,37,43,0.5,TMEB419,Early,False,merged_images\train\ID_162495_Ppjteb.png,905
81,ID_964010_Vm9kue,L8w7zu7wek,2,R,27,33,2.2,IITA-TMS-IBA000070,Early,False,merged_images\train\ID_964010_Vm9kue.png,34
82,ID_375603_Gdqrl8,Kjvcz6bjfj,3,R,26,39,2.3,IBA980581,Early,False,merged_images\train\ID_375603_Gdqrl8.png,23
83,ID_722021_Zddwq1,Rzyf8hal4j,3,L,32,40,3.0,IBA154810,Early,False,merged_images\train\ID_722021_Zddwq1.png,33
84,ID_170847_F3fsoi,Lwuwokuhrf,1,R,15,30,3.1,TMEB419,Early,False,merged_images\train\ID_170847_F3fsoi.png,112
85,ID_754042_Owwqpa,Tbhppxjkvr,5,L,22,31,2.7,IBA980581,Early,False,merged_images\train\ID_754042_Owwqpa.png,1002
86,ID_645074_Wwbbkm,Miny0c252a,2,R,28,35,2.8,IITA-TMS-IBA000070,Early,False,merged_images\train\ID_645074_Wwbbkm.png,976
87,ID_712776_Muhdiq,Hzapvbcfm8,6,R,24,30,0.75,IBA154810,Early,False,merged_images\train\ID_712776_Muhdiq.png,938
88,ID_791725_Rhiidd,Toaefqwoli,6,L,37,47,0.5,TMEB419,Early,False,merged_images\train\ID_791725_Rhiidd.png,875
89,ID_668337_Sbyzrp,Puya1uaaln,4,L,26,42,1.9,TMEB419,Early,False,merged_images\train\ID_668337_Sbyzrp.png,933
90,ID_260577_Zumui0,Rzyf8hal4j,5,R,38,47,3.0,IBA154810,Early,False,merged_images\train\ID_260577_Zumui0.png,955
91,ID_757689_Dcife2,Vlcavd4dwj,3,L,34,42,2.8,IITA-TMS-IBA000070,Early,False,merged_images\train\ID_757689_Dcife2.png,997
92,ID_322039_Ygm7e5,Cex3glsnzv,7,L,40,47,0.2,DIXON,Early,False,merged_images\train\ID_322039_Ygm7e5.png,982
93,ID_906453_Jtgmbn,Vlqr6qhbqk,6,L,48,55,1.8,IBA154810,Early,False,merged_images\train\ID_906453_Jtgmbn.png,30
94,ID_547014_P8mj1g,S6lk1xauct,4,L,28,33,2.1,TMEB419,Early,False,merged_images\train\ID_547014_P8mj1g.png,868
95,ID_432631_Fnb8jf,Q91mym9ev4,3,R,22,30,1.7,TMEB693,Early,False,merged_images\train\ID_432631_Fnb8jf.png,952
96,ID_597793_X99k4f,Tbhppxjkvr,3,R,16,24,2.7,IBA980581,Early,False,merged_images\train\ID_597793_X99k4f.png,988
97,ID_755935_Bzrkjq,Aevcaxguiw,2,L,8,16,4.2,IITA-TMS-IBA000070,Late,False,merged_images\train\ID_755935_Bzrkjq.png,82
98,ID_325246_Pppt37,S6lk1xauct,3,R,24,39,2.3,TMEB419,Early,False,merged_images\train\ID_325246_Pppt37.png,865
99,ID_175452_Du2oso,Dhfwcg1uj2,2,R,20,32,0.9,IBA154810,Early,False,merged_images\train\ID_175452_Du2oso.png,57
100,ID_778253_Ffmftz,Rzyf8hal4j,4,L,32,40,1.8,IBA154810,Early,False,merged_images\train\ID_778253_Ffmftz.png,33
101,ID_335091_Rceu2s,Ecxdebmlnr,1,R,25,36,0.3,IITA-TMS-IBA000070,Early,False,merged_images\train\ID_335091_Rceu2s.png,64
102,ID_753044_J7koen,Izbgyxre0g,5,R,22,33,2.2,IBA154810,Early,False,merged_images\train\ID_753044_J7koen.png,85
103,ID_924076_Gqkl6j,Ph2ti2sjzu,4,L,22,35,4.2,IBA980581,Early,False,merged_images\train\ID_924076_Gqkl6j.png,943
104,ID_246322_Wcvxox,B8x7mhxe6z,7,L,23,33,0.8,IBA154810,Early,False,merged_images\train\ID_246322_Wcvxox.png,969
105,ID_871726_Heyzw6,Xydfltswbm,3,L,43,50,0.5,IBA154810,Early,False,merged_images\train\ID_871726_Heyzw6.png,985
106,ID_495384_Ezhnq9,Xrrcqvdbkw,3,R,27,36,2.1,IBA154810,Early,False,merged_images\train\ID_495384_Ezhnq9.png,44
107,ID_225072_B3txqy,Ah4ubi4ggi,3,R,27,44,3.1,IITA-TMS-IBA000070,Early,False,merged_images\train\ID_225072_B3txqy.png,62
108,ID_290289_L4hhmq,L8w7zu7wek,5,L,33,51,2.9,IITA-TMS-IBA000070,Early,False,merged_images\train\ID_290289_L4hhmq.png,964
109,ID_198688_Euc97b,F5lrpuuq8q,2,R,23,31,2.7,IBA980581,Early,False,merged_images\train\ID_198688_Euc97b.png,1001
110,ID_224297_Plu8jf,Dhfwcg1uj2,6,L,20,32,0.9,IBA154810,Early,False,merged_images\train\ID_224297_Plu8jf.png,967
111,ID_375872_E2puro,Rzyf8hal4j,2,R,38,47,1.4,IBA154810,Early,False,merged_images\train\ID_375872_E2puro.png,955
112,ID_327496_F9llgg,Klhqlr0ako,5,L,38,47,1.4,TMEB693,Early,False,merged_images\train\ID_327496_F9llgg.png,959
113,ID_140931_Eidoxm,Lwuwokuhrf,7,L,25,40,3.1,TMEB419,Early,False,merged_images\train\ID_140931_Eidoxm.png,978
114,ID_287267_Egezfb,S6lk1xauct,4,R,24,39,2.1,TMEB419,Early,False,merged_images\train\ID_287267_Egezfb.png,865
115,ID_194164_Bsrwho,Pucqtyga9u,4,R,37,43,1.4,TMEB419,Early,False,merged_images\train\ID_194164_Bsrwho.png,905
116,ID_789159_Aqdtho,Kcqzgef5an,7,L,18,27,0.0,TMEB693,Early,False,merged_images\train\ID_789159_Aqdtho.png,1006
117,ID_309524_Tsywg8,Kjvcz6bjfj,4,R,26,39,2.1,IBA980581,Early,False,merged_images\train\ID_309524_Tsywg8.png,23
118,ID_526113_Y4b17u,A6dzrkjqvl,4,L,33,42,1.8,IITA-TMS-IBA000070,Early,False,merged_images\train\ID_526113_Y4b17u.png,908
119,ID_105069_Ivzzqa,Jtcfkuovxk,5,L,18,26,2.1,TMEB693,Early,False,merged_images\train\ID_105069_Ivzzqa.png,1016
120,ID_761355_Ksxzhs,Hzapvbcfm8,2,R,24,30,1.7,IBA154810,Early,False,merged_images\train\ID_761355_Ksxzhs.png,938
121,ID_502352_Sz2zeb,Hzapvbcfm8,4,L,19,35,1.4,IBA154810,Early,False,merged_images\train\ID_502352_Sz2zeb.png,943
122,ID_964577_Dvzz6h,Ummqfuetoc,2,R,17,26,2.2,IBA980581,Early,False,merged_images\train\ID_964577_Dvzz6h.png,72
123,ID_458058_L3ygsi,V6awcupt6m,5,L,34,41,0.8,TMEB693,Early,False,merged_images\train\ID_458058_L3ygsi.png,26
124,ID_934120_Rpwsrz,Ceibvxd51g,3,R,37,45,0.1,DIXON,Early,False,merged_images\train\ID_934120_Rpwsrz.png,22
125,ID_185883_Bt6qfa,Ot13d4nq6t,2,L,41,50,0.5,DIXON,Early,False,merged_images\train\ID_185883_Bt6qfa.png,935
126,ID_388923_Vspgeb,Jtcfkuovxk,4,L,18,26,0.4,TMEB693,Early,False,merged_images\train\ID_388923_Vspgeb.png,1016
127,ID_228448_Fpjidx,Pucqtyga9u,4,L,30,40,1.4,TMEB419,Early,False,merged_images\train\ID_228448_Fpjidx.png,899
128,ID_402352_Ghl6ae,Pw4ytibfql,6,L,25,32,1.4,TMEB419,Early,False,merged_images\train\ID_402352_Ghl6ae.png,956
129,ID_338368_Lpb5hs,Xdi1ipcemf,5,L,21,28,3.8,IITA-TMS-IBA000070,Early,False,merged_images\train\ID_338368_Lpb5hs.png,37
130,ID_942723_U6r0cz,Bs8ueatyis,6,L,33,42,1.8,TMEB693,Early,False,merged_images\train\ID_942723_U6r0cz.png,1019
131,ID_173595_Oveu0u,F1p0lhe1ij,1,R,30,37,2.9,IITA-TMS-IBA000070,Early,False,merged_images\train\ID_173595_Oveu0u.png,35
132,ID_708233_Phevgh,Bs8ueatyis,7,L,33,42,0.4,TMEB693,Early,False,merged_images\train\ID_708233_Phevgh.png,1019
133,ID_183767_Vuz2mr,Lsdgz02kdp,4,L,29,40,1.7,TMEB693,Early,False,merged_images\train\ID_183767_Vuz2mr.png,1027
134,ID_884519_Vdztlr,B5myqsh1wi,5,R,26,35,0.1,TMEB419,Early,False,merged_images\train\ID_884519_Vdztlr.png,880
135,ID_870170_Tfgnvr,Hc3b9gicdo,1,R,29,38,1.9,IITA-TMS-IBA000070,Early,False,merged_images\train\ID_870170_Tfgnvr.png,983
136,ID_579277_S5z2ov,B8x7mhxe6z,5,R,20,30,6.6,IBA154810,Early,False,merged_images\train\ID_579277_S5z2ov.png,118
137,ID_778776_Jbjg2v,Mrw7chmalv,5,L,18,23,0.9,IBA154810,Early,False,merged_images\train\ID_778776_Jbjg2v.png,915
138,ID_598878_Hoeecl,Up8aqujy0s,6,R,25,33,4.9,IBA154810,Early,False,merged_images\train\ID_598878_Hoeecl.png,70
139,ID_744473_Wa9j0w,Ceibvxd51g,4,R,37,45,0.7,DIXON,Early,False,merged_images\train\ID_744473_Wa9j0w.png,22
140,ID_546186_R7be7y,Ah4ubi4ggi,5,L,42,49,3.1,IITA-TMS-IBA000070,Early,False,merged_images\train\ID_546186_R7be7y.png,903
141,ID_422138_Vqhuqf,Mskdmpitqk,2,L,21,36,1.7,TMEB419,Early,False,merged_images\train\ID_422138_Vqhuqf.png,83
142,ID_635513_Jn1fnv,Ceibvxd51g,6,R,37,45,0.5,DIXON,Early,False,merged_images\train\ID_635513_Jn1fnv.png,22
143,ID_261694_Oa4ssj,Td901zykbu,3,L,8,14,2.3,TMEB419,Late,False,merged_images\train\ID_261694_Oa4ssj.png,71
144,ID_355808_Brk59j,Mrw7chmalv,6,L,18,23,3.3,IBA154810,Early,False,merged_images\train\ID_355808_Brk59j.png,915
145,ID_375447_Zarog3,Yznlv6wrsh,2,R,45,53,0.7,DIXON,Early,False,merged_images\train\ID_375447_Zarog3.png,912
146,ID_371892_Zfw9o2,Ynjc34lyjb,6,L,10,16,4.0,TMEB693,Late,True,merged_images\train\ID_371892_Zfw9o2.png,56
147,ID_684744_C8mesi,Lsdgz02kdp,2,R,17,27,1.4,TMEB693,Early,False,merged_images\train\ID_684744_C8mesi.png,1035
148,ID_373357_Xwidqe,Izbgyxre0g,3,L,24,37,2.2,IBA154810,Early,False,merged_images\train\ID_373357_Xwidqe.png,947
149,ID_264213_Cgtotk,L8w7zu7wek,6,L,33,51,2.2,IITA-TMS-IBA000070,Early,False,merged_images\train\ID_264213_Cgtotk.png,964
150,ID_360687_Uisdbc,Yxmmb4wt55,5,R,17,32,1.8,IITA-TMS-IBA000070,Early,False,merged_images\train\ID_360687_Uisdbc.png,44
151,ID_788219_Xfqpis,Vlqr6qhbqk,7,L,48,55,1.7,IBA154810,Early,False,merged_images\train\ID_788219_Xfqpis.png,30
152,ID_514740_Z6tjqi,Mrw7chmalv,2,R,30,43,3.3,IBA154810,Early,False,merged_images\train\ID_514740_Z6tjqi.png,910
153,ID_367984_Bytnqc,Up8aqujy0s,3,R,25,33,1.8,IBA154810,Early,False,merged_images\train\ID_367984_Bytnqc.png,70
154,ID_692153_Vihmpz,Mpmvh2mgm3,3,R,24,38,6.3,TMEB419,Early,False,merged_images\train\ID_692153_Vihmpz.png,1028
155,ID_713907_Yoe0xx,Mpmvh2mgm3,5,L,32,40,6.3,TMEB419,Early,False,merged_images\train\ID_713907_Yoe0xx.png,1030
156,ID_401529_Uyzasm,Ox18ob0syv,4,L,25,32,2.7,IBA980581,Early,False,merged_images\train\ID_401529_Uyzasm.png,935
157,ID_348064_Kojgm2,Lsdgz02kdp,6,L,29,40,1.4,TMEB693,Early,False,merged_images\train\ID_348064_Kojgm2.png,1027
158,ID_931181_Fkqros,Ummqfuetoc,6,L,25,32,2.2,IBA980581,Early,False,merged_images\train\ID_931181_Fkqros.png,993
159,ID_926744_Whuinw,Efaiye0hmy,3,R,20,30,2.3,IBA980581,Early,False,merged_images\train\ID_926744_Whuinw.png,62
160,ID_108603_Ymh5st,Oipmzygepq,1,R,32,39,2.9,TMEB693,Early,False,merged_images\train\ID_108603_Ymh5st.png,1010
161,ID_641773_Arvdbh,Ntqusw7xpb,3,L,19,31,3.5,TMEB419,Early,False,merged_images\train\ID_641773_Arvdbh.png,1027
162,ID_560934_Foqzoq,Qhqftdiz4q,3,L,28,38,1.9,IITA-TMS-IBA000070,Early,False,merged_images\train\ID_560934_Foqzoq.png,47
163,ID_517102_H0gded,S11rphogci,5,R,25,35,1.7,IBA154810,Early,False,merged_images\train\ID_517102_H0gded.png,59
164,ID_627706_Jbbmfl,Geksu5kuf3,5,R,35,44,1.5,TMEB693,Early,False,merged_images\train\ID_627706_Jbbmfl.png,917
165,ID_538395_Ysc6pg,P3om3dfa78,5,R,21,31,3.1,TMEB419,Early,False,merged_images\train\ID_538395_Ysc6pg.png,61
166,ID_820629_E0cmbu,S11rphogci,4,L,20,34,0.9,IBA154810,Early,False,merged_images\train\ID_820629_E0cmbu.png,1009
167,ID_675049_Lu9jim,Kjvcz6bjfj,4,L,24,36,2.1,IBA980581,Early,False,merged_images\train\ID_675049_Lu9jim.png,938
168,ID_646686_Imbjg8,Vwsx0beaxb,4,R,19,28,2.9,IBA980581,Early,False,merged_images\train\ID_646686_Imbjg8.png,21
169,ID_788890_Vpavbg,M4stkh3qez,3,R,26,34,1.7,IBA980581,Early,False,merged_images\train\ID_788890_Vpavbg.png,883
170,ID_460509_Hshszf,Ubgsvkns3h,2,L,33,40,0.15,IKN130010,Early,False,merged_images\train\ID_460509_Hshszf.png,902
171,ID_552448_Xdrijw,Geksu5kuf3,4,R,35,44,2.5,TMEB693,Early,False,merged_images\train\ID_552448_Xdrijw.png,917
172,ID_858876_Vraxy7,Xdi1ipcemf,2,R,32,38,4.3,IITA-TMS-IBA000070,Early,False,merged_images\train\ID_858876_Vraxy7.png,978
173,ID_769193_Hzpyfs,Vwsx0beaxb,4,L,27,39,2.9,IBA980581,Early,False,merged_images\train\ID_769193_Hzpyfs.png,904
174,ID_504614_Uq7up4,Ph2ti2sjzu,6,L,22,35,3.1,IBA980581,Early,False,merged_images\train\ID_504614_Uq7up4.png,943
175,ID_384233_G1mzyk,Up8aqujy0s,6,L,29,40,1.7,IBA154810,Early,False,merged_images\train\ID_384233_G1mzyk.png,955
176,ID_421709_Tt7kdq,Tbhppxjkvr,4,R,16,24,2.3,IBA980581,Early,False,merged_images\train\ID_421709_Tt7kdq.png,988
177,ID_737941_Ojh6bl,Ypktwvqjbn,4,L,33,41,0.9,IBA154810,Early,False,merged_images\train\ID_737941_Ojh6bl.png,951
178,ID_628568_Jox84g,Pfp24vx905,4,R,27,34,2.6,TMEB419,Early,False,merged_images\train\ID_628568_Jox84g.png,1022
179,ID_164571_C087eg,Qhqftdiz4q,4,L,28,38,4.5,IITA-TMS-IBA000070,Early,False,merged_images\train\ID_164571_C087eg.png,47
180,ID_260420_Q52c06,Ummqfuetoc,3,R,17,26,2.1,IBA980581,Early,False,merged_images\train\ID_260420_Q52c06.png,72
181,ID_968227_Swsts5,Vlqr6qhbqk,4,L,48,55,0.8,IBA154810,Early,False,merged_images\train\ID_968227_Swsts5.png,30
182,ID_339012_Ng2xvo,Q4uyruus4j,2,R,27,33,1.5,IBA980581,Early,False,merged_images\train\ID_339012_Ng2xvo.png,58
183,ID_162228_Fl5bjt,Yznlv6wrsh,2,L,30,39,0.5,DIXON,Early,False,merged_images\train\ID_162228_Fl5bjt.png,901
184,ID_433485_Jp0jac,Yxmmb4wt55,6,R,17,32,3.0,IITA-TMS-IBA000070,Early,False,merged_images\train\ID_433485_Jp0jac.png,44
185,ID_884180_Ixz9ew,Yznlv6wrsh,6,R,45,53,0.5,DIXON,Early,False,merged_images\train\ID_884180_Ixz9ew.png,912
186,ID_467038_Nqf1lb,L5l1h3kekg,2,R,40,47,2.5,IITA-TMS-IBA000070,Early,False,merged_images\train\ID_467038_Nqf1lb.png,977
187,ID_805678_Um0fgy,Puya1uaaln,5,L,26,42,3.8,TMEB419,Early,False,merged_images\train\ID_805678_Um0fgy.png,933
188,ID_945384_D2zruc,Miny0c252a,1,R,28,35,2.5,IITA-TMS-IBA000070,Early,False,merged_images\train\ID_945384_D2zruc.png,976
189,ID_336490_Bums0z,Lsdgz02kdp,1,R,17,27,2.1,TMEB693,Early,False,merged_images\train\ID_336490_Bums0z.png,1035
190,ID_715148_B79wid,F1p0lhe1ij,2,R,30,37,2.3,IITA-TMS-IBA000070,Early,False,merged_images\train\ID_715148_B79wid.png,35
191,ID_352618_Bkgck9,F5lrpuuq8q,4,R,23,31,6.3,IBA980581,Early,False,merged_images\train\ID_352618_Bkgck9.png,1001
192,ID_258788_Bsotub,Xrrcqvdbkw,6,R,27,36,2.2,IBA154810,Early,False,merged_images\train\ID_258788_Bsotub.png,44
193,ID_919400_Gdvbfj,F5lrpuuq8q,5,R,23,31,2.3,IBA980581,Early,False,merged_images\train\ID_919400_Gdvbfj.png,1001
194,ID_920387_Xgva6e,Dhfwcg1uj2,4,L,20,32,3.1,IBA154810,Early,False,merged_images\train\ID_920387_Xgva6e.png,967
195,ID_218181_Znuc4o,Ubgsvkns3h,6,R,17,26,0.15,IKN130010,Early,False,merged_images\train\ID_218181_Znuc4o.png,34
196,ID_360463_P9hx91,J0zdanvgrq,5,L,10,20,2.9,TMEB693,Late,False,merged_images\train\ID_360463_P9hx91.png,78
197,ID_322158_S6zaav,Cex3glsnzv,4,L,40,47,0.8,DIXON,Early,False,merged_images\train\ID_322158_S6zaav.png,982
198,ID_410473_Jw3xrp,Nrse2plksd,5,R,25,35,0.8,TMEB693,Early,False,merged_images\train\ID_410473_Jw3xrp.png,984
199,ID_252955_Sbkenf,Tbhppxjkvr,6,L,22,31,1.9,IBA980581,Early,False,merged_images\train\ID_252955_Sbkenf.png,1002
200,ID_635510_Owmilz,Mskdmpitqk,6,R,27,36,1.7,TMEB419,Early,False,merged_images\train\ID_635510_Owmilz.png,38
201,ID_696696_Zi3xpb,Lsdgz02kdp,3,R,17,27,0.8,TMEB693,Early,False,merged_images\train\ID_696696_Zi3xpb.png,1035
202,ID_553304_Oevhga,Bb02c5k7wm,3,L,22,31,1.3,TMEB693,Early,False,merged_images\train\ID_553304_Oevhga.png,928
203,ID_398135_Rfvny0,V6awcupt6m,3,L,34,41,2.3,TMEB693,Early,False,merged_images\train\ID_398135_Rfvny0.png,26
204,ID_229271_Lu8wjw,Xdi1ipcemf,3,L,21,28,4.2,IITA-TMS-IBA000070,Early,False,merged_images\train\ID_229271_Lu8wjw.png,37
205,ID_508953_I9a4sr,H9lomh5fxk,4,L,40,50,1.7,TMEB419,Early,False,merged_images\train\ID_508953_I9a4sr.png,26
206,ID_571092_My8cmf,Efaiye0hmy,5,R,20,30,1.4,IBA980581,Early,False,merged_images\train\ID_571092_My8cmf.png,62
207,ID_676787_Ggdmoz,Toaefqwoli,4,L,37,47,1.4,TMEB419,Early,False,merged_images\train\ID_676787_Ggdmoz.png,875
208,ID_723964_Ywt632,Pucqtyga9u,6,L,30,40,0.5,TMEB419,Early,False,merged_images\train\ID_723964_Ywt632.png,899
209,ID_515421_Gwmjch,Ot13d4nq6t,6,L,41,50,0.8,DIXON,Early,False,merged_images\train\ID_515421_Gwmjch.png,935
210,ID_321332_Jptlgu,Pw4ytibfql,4,R,28,35,1.5,TMEB419,Early,False,merged_images\train\ID_321332_Jptlgu.png,26
211,ID_648472_Eemzrc,Miny0c252a,3,R,28,35,1.3,IITA-TMS-IBA000070,Early,False,merged_images\train\ID_648472_Eemzrc.png,976
212,ID_289209_Svhhys,Jrem9eo37e,5,R,23,41,2.2,IBA154810,Early,False,merged_images\train\ID_289209_Svhhys.png,885
213,ID_695942_B3yk9p,Mpmvh2mgm3,5,R,24,38,4.9,TMEB419,Early,False,merged_images\train\ID_695942_B3yk9p.png,1028
214,ID_596196_Bc1mep,Up8aqujy0s,3,L,29,40,3.1,IBA154810,Early,False,merged_images\train\ID_596196_Bc1mep.png,955
215,ID_794496_Oete9q,Up8aqujy0s,2,L,29,40,4.9,IBA154810,Early,False,merged_images\train\ID_794496_Oete9q.png,955
216,ID_347154_Yy34th,Dz9lpsl9ae,3,R,45,50,1.4,TMEB419,Early,False,merged_images\train\ID_347154_Yy34th.png,43
217,ID_834002_Jhc8iv,A2miww5mfx,2,L,10,23,4.2,IITA-TMS-IBA000070,Late,False,merged_images\train\ID_834002_Jhc8iv.png,162
218,ID_925888_H532kw,Up8aqujy0s,2,R,25,33,1.7,IBA154810,Early,False,merged_images\train\ID_925888_H532kw.png,70
219,ID_188457_Hmxnza,Mskdmpitqk,5,L,21,36,1.4,TMEB419,Early,False,merged_images\train\ID_188457_Hmxnza.png,83
220,ID_413602_Qw1lqp,Kjvcz6bjfj,6,L,24,36,3.3,IBA980581,Early,False,merged_images\train\ID_413602_Qw1lqp.png,938
221,ID_862682_Lypcug,A6dzrkjqvl,6,L,33,42,0.1,IITA-TMS-IBA000070,Early,False,merged_images\train\ID_862682_Lypcug.png,908
222,ID_192460_Svipuz,Ifqbqqrika,6,R,20,25,1.4,TMEB693,Early,False,merged_images\train\ID_192460_Svipuz.png,908
223,ID_677828_Vrcdwa,Xdi1ipcemf,3,R,32,38,3.8,IITA-TMS-IBA000070,Early,False,merged_images\train\ID_677828_Vrcdwa.png,978
224,ID_333842_C2uq6i,Cex3glsnzv,3,L,40,47,0.8,DIXON,Early,False,merged_images\train\ID_333842_C2uq6i.png,982
225,ID_592091_Zv1yr1,Kjvcz6bjfj,2,R,26,39,3.3,IBA980581,Early,False,merged_images\train\ID_592091_Zv1yr1.png,23
226,ID_834189_Vlamc8,Hzapvbcfm8,2,L,19,35,0.75,IBA154810,Early,False,merged_images\train\ID_834189_Vlamc8.png,943
227,ID_606851_Eqs9td,Vinlgebupo,4,L,23,29,0.8,IBA980581,Early,False,merged_images\train\ID_606851_Eqs9td.png,849
228,ID_874879_Ghp3rr,Yznlv6wrsh,3,R,45,53,1.4,DIXON,Early,False,merged_images\train\ID_874879_Ghp3rr.png,912
229,ID_936141_Ejgfge,Qhqftdiz4q,5,L,28,38,2.3,IITA-TMS-IBA000070,Early,False,merged_images\train\ID_936141_Ejgfge.png,47
230,ID_378076_Nrudei,Lzkaccojep,4,R,16,25,6.2,TMEB419,Early,False,merged_images\train\ID_378076_Nrudei.png,976
231,ID_455077_Fdecx1,Rxxe9bh6qn,6,L,31,40,0.8,IBA980581,Early,False,merged_images\train\ID_455077_Fdecx1.png,963
232,ID_968546_Odnars,Ifqbqqrika,5,L,26,32,0.3,TMEB693,Early,False,merged_images\train\ID_968546_Odnars.png,913
233,ID_840378_Tsgipd,Q4uyruus4j,4,L,33,45,2.8,IBA980581,Early,False,merged_images\train\ID_840378_Tsgipd.png,23
234,ID_441775_Meft8t,L5l1h3kekg,4,R,40,47,1.4,IITA-TMS-IBA000070,Early,False,merged_images\train\ID_441775_Meft8t.png,977
235,ID_780516_Qapi7e,Lwuwokuhrf,3,L,25,40,5.8,TMEB419,Early,False,merged_images\train\ID_780516_Qapi7e.png,978
236,ID_534972_G3uqjv,Hzapvbcfm8,6,L,19,35,1.7,IBA154810,Early,False,merged_images\train\ID_534972_G3uqjv.png,943
237,ID_438041_Ccgrlo,Puya1uaaln,5,R,16,37,0.8,TMEB419,Early,False,merged_images\train\ID_438041_Ccgrlo.png,37
238,ID_172124_Tegada,Jrem9eo37e,2,L,29,36,2.1,IBA154810,Early,False,merged_images\train\ID_172124_Tegada.png,907
239,ID_902568_H7rugg,Nrse2plksd,3,L,19,30,0.8,TMEB693,Early,False,merged_images\train\ID_902568_H7rugg.png,40
240,ID_717965_Ps4xjq,Ypktwvqjbn,3,L,33,41,1.5,IBA154810,Early,False,merged_images\train\ID_717965_Ps4xjq.png,951
241,ID_643743_Vofy0n,Sauopakhvn,3,R,21,45,3.5,TMEB419,Early,False,merged_images\train\ID_643743_Vofy0n.png,1104
242,ID_624313_Mahwp7,H9lomh5fxk,3,L,40,50,0.8,TMEB419,Early,False,merged_images\train\ID_624313_Mahwp7.png,26
243,ID_302485_Lrml8f,Q91mym9ev4,5,L,22,33,1.7,TMEB693,Early,False,merged_images\train\ID_302485_Lrml8f.png,28
244,ID_117194_Z3xwja,Xrrcqvdbkw,4,R,27,36,3.8,IBA154810,Early,False,merged_images\train\ID_117194_Z3xwja.png,44
245,ID_415986_Vzh4h9,Q4uyruus4j,6,L,33,45,1.5,IBA980581,Early,False,merged_images\train\ID_415986_Vzh4h9.png,23
246,ID_219723_Urg3bc,Puya1uaaln,6,R,16,37,2.1,TMEB419,Early,False,merged_images\train\ID_219723_Urg3bc.png,37
247,ID_532248_Ciqsii,Nrse2plksd,4,L,19,30,2.5,TMEB693,Early,False,merged_images\train\ID_532248_Ciqsii.png,40
248,ID_891590_Kvyxwd,Ntqusw7xpb,5,R,37,46,3.5,TMEB419,Early,False,merged_images\train\ID_891590_Kvyxwd.png,1030
249,ID_849674_Eal3zo,Mpmvh2mgm3,6,L,32,40,4.9,TMEB419,Early,False,merged_images\train\ID_849674_Eal3zo.png,1030
250,ID_989244_Vl166b,Gawaekzxou,2,L,10,22,2.6,TMEB419,Late,False,merged_images\train\ID_989244_Vl166b.png,148
251,ID_607500_V2uzg1,Hc3b9gicdo,7,L,37,45,1.9,IITA-TMS-IBA000070,Early,False,merged_images\train\ID_607500_V2uzg1.png,978
252,ID_651873_Swew3v,Ifqbqqrika,4,R,20,25,0.4,TMEB693,Early,False,merged_images\train\ID_651873_Swew3v.png,908
253,ID_696498_Kmv3tj,Lnkljfdtgh,1,R,23,43,2.9,IBA980581,Early,False,merged_images\train\ID_696498_Kmv3tj.png,106
254,ID_675873_Xxholo,Jtcfkuovxk,3,R,28,45,2.1,TMEB693,Early,False,merged_images\train\ID_675873_Xxholo.png,966
255,ID_273699_Sfshmj,Bs8ueatyis,5,L,33,42,0.2,TMEB693,Early,False,merged_images\train\ID_273699_Sfshmj.png,1019
256,ID_473931_A7uktd,Pctl4tyb9l,3,L,46,53,0.8,IITA-TMS-IBA000070,Early,False,merged_images\train\ID_473931_A7uktd.png,937
257,ID_155623_Imbwek,Kjvcz6bjfj,5,L,24,36,2.3,IBA980581,Early,False,merged_images\train\ID_155623_Imbwek.png,938
258,ID_774461_Njabwt,S11rphogci,3,L,20,34,1.7,IBA154810,Early,False,merged_images\train\ID_774461_Njabwt.png,1009
259,ID_816451_Ihxfw8,Zbjyzgqwtu,4,L,22,30,0.8,IITA-TMS-IBA000070,Early,False,merged_images\train\ID_816451_Ihxfw8.png,996
260,ID_884849_Bmtyoy,Pfp24vx905,3,R,27,34,1.7,TMEB419,Early,False,merged_images\train\ID_884849_Bmtyoy.png,1022
261,ID_695272_Uayixd,Miny0c252a,5,R,28,35,1.7,IITA-TMS-IBA000070,Early,False,merged_images\train\ID_695272_Uayixd.png,976
262,ID_557942_Vj7t89,Bs8ueatyis,4,L,33,42,0.7,TMEB693,Early,False,merged_images\train\ID_557942_Vj7t89.png,1019
263,ID_622884_R2ybkc,Lsdgz02kdp,5,L,29,40,0.8,TMEB693,Early,False,merged_images\train\ID_622884_R2ybkc.png,1027
264,ID_776620_Lnlqu2,Sauopakhvn,4,L,19,40,0.5,TMEB419,Early,False,merged_images\train\ID_776620_Lnlqu2.png,1035
265,ID_853674_Bme8ct,B5myqsh1wi,3,R,26,35,0.0,TMEB419,Early,False,merged_images\train\ID_853674_Bme8ct.png,880
266,ID_469998_Ujd7fd,Tbhppxjkvr,5,R,16,24,2.9,IBA980581,Early,False,merged_images\train\ID_469998_Ujd7fd.png,988
267,ID_473579_Qyszun,V6awcupt6m,3,R,28,39,0.8,TMEB693,Early,False,merged_images\train\ID_473579_Qyszun.png,1008
268,ID_344415_Yq8a1o,Rzyf8hal4j,6,L,32,40,1.4,IBA154810,Early,False,merged_images\train\ID_344415_Yq8a1o.png,33
269,ID_700742_Mn3cha,Cvdxhjziab,3,L,10,23,5.9,IITA-TMS-IBA000070,Late,False,merged_images\train\ID_700742_Mn3cha.png,154
270,ID_910467_Lvx1ds,V6awcupt6m,2,R,28,39,0.2,TMEB693,Early,False,merged_images\train\ID_910467_Lvx1ds.png,1008
271,ID_990602_Nvmm63,Pucqtyga9u,2,L,30,40,1.5,TMEB419,Early,False,merged_images\train\ID_990602_Nvmm63.png,899
272,ID_831193_Ey2b8z,S11rphogci,2,R,25,35,2.1,IBA154810,Early,False,merged_images\train\ID_831193_Ey2b8z.png,59
273,ID_276142_T0pxsx,Vlqr6qhbqk,4,R,32,40,0.8,IBA154810,Early,False,merged_images\train\ID_276142_T0pxsx.png,33
274,ID_602978_Radio2,Yznlv6wrsh,4,R,45,53,1.5,DIXON,Early,False,merged_images\train\ID_602978_Radio2.png,912
275,ID_711770_G0ngy3,Tbhppxjkvr,7,L,22,31,2.3,IBA980581,Early,False,merged_images\train\ID_711770_G0ngy3.png,1002
276,ID_307257_Kzg6ft,Ph2ti2sjzu,2,L,22,35,0.0,IBA980581,Early,False,merged_images\train\ID_307257_Kzg6ft.png,943
277,ID_366141_F1cfzq,S11rphogci,4,R,25,35,0.9,IBA154810,Early,False,merged_images\train\ID_366141_F1cfzq.png,59
278,ID_872906_Rkqbkw,Kjvcz6bjfj,2,L,24,36,2.3,IBA980581,Early,False,merged_images\train\ID_872906_Rkqbkw.png,938
279,ID_660348_Duhci3,Ah4ubi4ggi,6,L,42,49,11.0,IITA-TMS-IBA000070,Early,False,merged_images\train\ID_660348_Duhci3.png,903
280,ID_246628_Hvqjjx,Wgutyon8uu,4,L,18,45,2.2,TMEB419,Early,False,merged_images\train\ID_246628_Hvqjjx.png,26
281,ID_217660_Vly1am,Ifqbqqrika,2,R,20,25,0.8,TMEB693,Early,False,merged_images\train\ID_217660_Vly1am.png,908
282,ID_171046_Qj2ln4,Efaiye0hmy,4,R,20,30,2.8,IBA980581,Early,False,merged_images\train\ID_171046_Qj2ln4.png,62
283,ID_292232_Xpdtdg,Up8aqujy0s,5,R,25,33,3.1,IBA154810,Early,False,merged_images\train\ID_292232_Xpdtdg.png,70
284,ID_616877_Zht9zp,Rzyf8hal4j,4,R,38,47,1.8,IBA154810,Early,False,merged_images\train\ID_616877_Zht9zp.png,955
285,ID_401211_Cni840,Ifqbqqrika,4,L,26,32,0.4,TMEB693,Early,False,merged_images\train\ID_401211_Cni840.png,913
286,ID_750020_Djqltk,Ceibvxd51g,5,R,37,45,0.1,DIXON,Early,False,merged_images\train\ID_750020_Djqltk.png,22
287,ID_237743_L8ggys,Vlqr6qhbqk,1,R,32,40,1.7,IBA154810,Early,False,merged_images\train\ID_237743_L8ggys.png,33
288,ID_895560_Hx4nri,Pctl4tyb9l,2,L,46,53,2.9,IITA-TMS-IBA000070,Early,False,merged_images\train\ID_895560_Hx4nri.png,937
289,ID_570572_Zjkhun,Miny0c252a,4,R,28,35,2.1,IITA-TMS-IBA000070,Early,False,merged_images\train\ID_570572_Zjkhun.png,976
290,ID_867206_A2wc76,Pw4ytibfql,6,R,28,35,0.5,TMEB419,Early,False,merged_images\train\ID_867206_A2wc76.png,26
291,ID_683484_Yzlvbv,Yznlv6wrsh,5,R,45,53,0.4,DIXON,Early,False,merged_images\train\ID_683484_Yzlvbv.png,912
292,ID_760708_Etomqh,Jrem9eo37e,3,R,23,41,2.6,IBA154810,Early,False,merged_images\train\ID_760708_Etomqh.png,885
293,ID_556927_D0wlds,Ah4ubi4ggi,2,R,27,44,11.0,IITA-TMS-IBA000070,Early,False,merged_images\train\ID_556927_D0wlds.png,62
294,ID_432147_Nburc1,Jrem9eo37e,3,L,29,36,2.2,IBA154810,Early,False,merged_images\train\ID_432147_Nburc1.png,907
295,ID_223701_Vhjywd,Qhqftdiz4q,3,R,49,60,2.3,IITA-TMS-IBA000070,Early,False,merged_images\train\ID_223701_Vhjywd.png,899
296,ID_313517_Zkxwdf,Nto14cbfiw,3,L,10,21,3.5,IITA-TMS-IBA000070,Late,False,merged_images\train\ID_313517_Zkxwdf.png,136
297,ID_185638_Pvy4ka,Yjzw2bylox,2,R,23,40,0.9,TMEB693,Early,False,merged_images\train\ID_185638_Pvy4ka.png,1006
298,ID_707274_J1sbnt,Iuxzotmvrc,3,L,10,18,0.9,TMEB419,Late,False,merged_images\train\ID_707274_J1sbnt.png,110
299,ID_216190_Fevuwk,Mpmvh2mgm3,4,R,24,38,4.8,TMEB419,Early,False,merged_images\train\ID_216190_Fevuwk.png,1028
300,ID_377344_W7fzf6,Ubgsvkns3h,4,R,17,26,0.65,IKN130010,Early,False,merged_images\train\ID_377344_W7fzf6.png,34
301,ID_217529_Oh69wg,Me1ufzzcxk,1,R,23,32,2.6,TMEB419,Early,False,merged_images\train\ID_217529_Oh69wg.png,947
302,ID_794803_Tvlbyb,Rxxe9bh6qn,7,L,31,40,0.01,IBA980581,Early,False,merged_images\train\ID_794803_Tvlbyb.png,963
303,ID_320320_Gtiu4o,Kjvcz6bjfj,6,R,26,39,2.3,IBA980581,Early,False,merged_images\train\ID_320320_Gtiu4o.png,23
304,ID_598272_Axnwor,B8x7mhxe6z,3,L,23,33,6.6,IBA154810,Early,False,merged_images\train\ID_598272_Axnwor.png,969
305,ID_601768_Jjlhig,Yznlv6wrsh,6,L,30,39,0.7,DIXON,Early,False,merged_images\train\ID_601768_Jjlhig.png,901
306,ID_603291_Cq9no2,Hzapvbcfm8,3,R,24,30,1.9,IBA154810,Early,False,merged_images\train\ID_603291_Cq9no2.png,938
307,ID_221122_Yzrwle,Tbhppxjkvr,4,L,22,31,2.3,IBA980581,Early,False,merged_images\train\ID_221122_Yzrwle.png,1002
308,ID_871801_Bshynx,Tbhppxjkvr,2,R,16,24,1.9,IBA980581,Early,False,merged_images\train\ID_871801_Bshynx.png,988
309,ID_294989_Jbkad9,B5myqsh1wi,6,R,26,35,0.3,TMEB419,Early,False,merged_images\train\ID_294989_Jbkad9.png,880
310,ID_860853_Vcry1q,Me1ufzzcxk,4,R,23,32,2.2,TMEB419,Early,False,merged_images\train\ID_860853_Vcry1q.png,947
311,ID_965999_Xywbc2,V6awcupt6m,4,L,34,41,2.1,TMEB693,Early,False,merged_images\train\ID_965999_Xywbc2.png,26
312,ID_269437_Dxgg4n,Dz9lpsl9ae,5,R,45,50,2.5,TMEB419,Early,False,merged_images\train\ID_269437_Dxgg4n.png,43
313,ID_534910_Ecsqtx,Me1ufzzcxk,3,R,23,32,3.5,TMEB419,Early,False,merged_images\train\ID_534910_Ecsqtx.png,947
314,ID_380636_W4jape,Ceibvxd51g,2,R,37,45,0.3,DIXON,Early,False,merged_images\train\ID_380636_W4jape.png,22
315,ID_944556_Oelb9j,Efaiye0hmy,2,R,20,30,3.8,IBA980581,Early,False,merged_images\train\ID_944556_Oelb9j.png,62
316,ID_526238_Ktqxuh,Up8aqujy0s,5,L,29,40,1.8,IBA154810,Early,False,merged_images\train\ID_526238_Ktqxuh.png,955
317,ID_754285_Xoi0da,Pw4ytibfql,2,L,25,32,0.5,TMEB419,Early,False,merged_images\train\ID_754285_Xoi0da.png,956
318,ID_122219_Xdopq7,Sauopakhvn,5,L,19,40,3.5,TMEB419,Early,False,merged_images\train\ID_122219_Xdopq7.png,1035
319,ID_672578_Nifv71,Kjvcz6bjfj,3,L,24,36,0.2,IBA980581,Early,False,merged_images\train\ID_672578_Nifv71.png,938
320,ID_747419_Zihzns,F1p0lhe1ij,4,R,30,37,2.1,IITA-TMS-IBA000070,Early,False,merged_images\train\ID_747419_Zihzns.png,35
321,ID_375653_V9hmsh,Rxxe9bh6qn,4,L,31,40,0.01,IBA980581,Early,False,merged_images\train\ID_375653_V9hmsh.png,963
322,ID_155140_Uzajyt,Bb02c5k7wm,5,L,22,31,0.9,TMEB693,Early,False,merged_images\train\ID_155140_Uzajyt.png,928
323,ID_969350_G9jqgp,Izbgyxre0g,4,L,24,37,1.3,IBA154810,Early,False,merged_images\train\ID_969350_G9jqgp.png,947
324,ID_103784_Oslxv3,Zbjyzgqwtu,7,L,22,30,1.4,IITA-TMS-IBA000070,Early,False,merged_images\train\ID_103784_Oslxv3.png,996
325,ID_674519_Qg52cm,Jct834ckgh,5,L,19,27,0.8,TMEB693,Late,False,merged_images\train\ID_674519_Qg52cm.png,65
326,ID_726494_Kdje9g,Zbjyzgqwtu,3,L,22,30,1.8,IITA-TMS-IBA000070,Early,False,merged_images\train\ID_726494_Kdje9g.png,996
327,ID_688192_Bdosyn,L8w7zu7wek,3,R,27,33,2.9,IITA-TMS-IBA000070,Early,False,merged_images\train\ID_688192_Bdosyn.png,34
328,ID_335255_Hoxqui,Tbhppxjkvr,3,L,22,31,2.9,IBA980581,Early,False,merged_images\train\ID_335255_Hoxqui.png,1002
329,ID_271070_Fsmcir,Hc3b9gicdo,3,R,29,38,3.1,IITA-TMS-IBA000070,Early,False,merged_images\train\ID_271070_Fsmcir.png,983
330,ID_441610_X5hyun,Hqcekwpxgu,6,R,30,39,6.2,IITA-TMS-IBA000070,Early,False,merged_images\train\ID_441610_X5hyun.png,932
331,ID_310774_Ryvpjg,Oipmzygepq,3,R,32,39,3.1,TMEB693,Early,False,merged_images\train\ID_310774_Ryvpjg.png,1010
332,ID_592284_Rkc2ag,Zbjyzgqwtu,4,R,15,26,0.8,IITA-TMS-IBA000070,Early,False,merged_images\train\ID_592284_Rkc2ag.png,1007
333,ID_338147_Olxxlj,Hqcekwpxgu,4,R,30,39,1.8,IITA-TMS-IBA000070,Early,False,merged_images\train\ID_338147_Olxxlj.png,932
334,ID_901327_B7vh2y,Puya1uaaln,2,L,26,42,2.1,TMEB419,Early,False,merged_images\train\ID_901327_B7vh2y.png,933
335,ID_578787_J3kdih,Ehwtko5bvb,6,L,10,20,3.1,TMEB419,Late,False,merged_images\train\ID_578787_J3kdih.png,134
336,ID_994625_Ecahqu,Vinlgebupo,5,L,23,29,0.2,IBA980581,Early,False,merged_images\train\ID_994625_Ecahqu.png,849
337,ID_140387_Y10vsb,Q4uyruus4j,1,R,27,33,0.9,IBA980581,Early,False,merged_images\train\ID_140387_Y10vsb.png,58
338,ID_929269_Ocfjcp,F5lrpuuq8q,3,R,23,31,0.35,IBA980581,Early,False,merged_images\train\ID_929269_Ocfjcp.png,1001
339,ID_222209_H8gzo6,Pw4ytibfql,3,R,28,35,1.9,TMEB419,Early,False,merged_images\train\ID_222209_H8gzo6.png,26
340,ID_140116_E9j0px,Yznlv6wrsh,4,L,30,39,1.5,DIXON,Early,False,merged_images\train\ID_140116_E9j0px.png,901
341,ID_434761_Ypoghq,Dz9lpsl9ae,6,L,37,46,0.9,TMEB419,Early,False,merged_images\train\ID_434761_Ypoghq.png,862
342,ID_850721_Dg5twh,Jrem9eo37e,6,R,23,41,2.1,IBA154810,Early,False,merged_images\train\ID_850721_Dg5twh.png,885
343,ID_444311_Tvefbg,Ypktwvqjbn,5,L,33,41,1.7,IBA154810,Early,False,merged_images\train\ID_444311_Tvefbg.png,951
344,ID_467568_Bzuthn,Toaefqwoli,3,L,37,47,0.5,TMEB419,Early,False,merged_images\train\ID_467568_Bzuthn.png,875
345,ID_402245_Lg14mj,L5l1h3kekg,6,L,38,50,2.5,IITA-TMS-IBA000070,Early,False,merged_images\train\ID_402245_Lg14mj.png,41
346,ID_376269_Whviji,Puya1uaaln,3,L,26,42,0.8,TMEB419,Early,False,merged_images\train\ID_376269_Whviji.png,933
347,ID_915339_Jjlwgz,Zbjyzgqwtu,1,R,15,26,1.4,IITA-TMS-IBA000070,Early,False,merged_images\train\ID_915339_Jjlwgz.png,1007
348,ID_911139_Wxecsv,Zbjyzgqwtu,5,R,15,26,1.8,IITA-TMS-IBA000070,Early,False,merged_images\train\ID_911139_Wxecsv.png,1007
349,ID_912912_Nz9us7,Ph2ti2sjzu,5,L,22,35,0.35,IBA980581,Early,False,merged_images\train\ID_912912_Nz9us7.png,943
350,ID_203893_Kiz2lt,Nrse2plksd,3,R,25,35,2.9,TMEB693,Early,False,merged_images\train\ID_203893_Kiz2lt.png,984
351,ID_157206_Vnoejp,Ot13d4nq6t,5,L,41,50,2.5,DIXON,Early,False,merged_images\train\ID_157206_Vnoejp.png,935
352,ID_716182_Xj4hl1,Nrse2plksd,4,R,25,35,2.5,TMEB693,Early,False,merged_images\train\ID_716182_Xj4hl1.png,984
353,ID_612325_Qhs3h2,Lnkljfdtgh,3,R,23,43,2.6,IBA980581,Early,False,merged_images\train\ID_612325_Qhs3h2.png,106
354,ID_450500_H3gltt,Ah4ubi4ggi,4,R,27,44,0.8,IITA-TMS-IBA000070,Early,False,merged_images\train\ID_450500_H3gltt.png,62
355,ID_589812_X0qgof,Wgutyon8uu,4,R,23,37,2.2,TMEB419,Early,False,merged_images\train\ID_589812_X0qgof.png,1050
356,ID_396988_Ksuu8v,Rzyf8hal4j,3,R,38,47,1.4,IBA154810,Early,False,merged_images\train\ID_396988_Ksuu8v.png,955
357,ID_547506_Jqaluq,Hzapvbcfm8,5,L,19,35,1.9,IBA154810,Early,False,merged_images\train\ID_547506_Jqaluq.png,943
358,ID_675237_Ou93em,V6awcupt6m,4,R,28,39,2.1,TMEB693,Early,False,merged_images\train\ID_675237_Ou93em.png,1008
359,ID_116605_Dky8vk,Mylwjeq6tq,4,L,28,34,2.7,IBA980581,Early,False,merged_images\train\ID_116605_Dky8vk.png,995
360,ID_424534_Nhlm6w,Vinlgebupo,3,L,23,29,0.5,IBA980581,Early,False,merged_images\train\ID_424534_Nhlm6w.png,849
361,ID_210119_V1cauz,Mpmvh2mgm3,2,R,24,38,4.9,TMEB419,Early,False,merged_images\train\ID_210119_V1cauz.png,1028
362,ID_168517_Lb0hq7,Mrw7chmalv,3,R,30,43,0.9,IBA154810,Early,False,merged_images\train\ID_168517_Lb0hq7.png,910
363,ID_915357_Hfde1r,F1p0lhe1ij,3,R,30,37,2.1,IITA-TMS-IBA000070,Early,False,merged_images\train\ID_915357_Hfde1r.png,35
364,ID_808727_Xyfyts,P3om3dfa78,4,R,21,31,1.4,TMEB419,Early,False,merged_images\train\ID_808727_Xyfyts.png,61
365,ID_770667_Dphygt,Rzyf8hal4j,5,L,32,40,1.4,IBA154810,Early,False,merged_images\train\ID_770667_Dphygt.png,33
366,ID_361716_Sufszh,Bb02c5k7wm,2,L,22,31,1.8,TMEB693,Early,False,merged_images\train\ID_361716_Sufszh.png,928
367,ID_954111_Uvobg2,Rxxe9bh6qn,3,L,31,40,2.5,IBA980581,Early,False,merged_images\train\ID_954111_Uvobg2.png,963
368,ID_950979_Dsho0o,Ummqfuetoc,7,L,25,32,2.7,IBA980581,Early,False,merged_images\train\ID_950979_Dsho0o.png,993
369,ID_307722_Btzncs,Dhfwcg1uj2,4,R,20,32,3.1,IBA154810,Early,False,merged_images\train\ID_307722_Btzncs.png,57
370,ID_134641_Koib9h,Qinorm9cg3,2,L,16,24,0.4,IBA980581,Early,False,merged_images\train\ID_134641_Koib9h.png,38
371,ID_180664_Op8l7j,Pucqtyga9u,5,R,37,43,0.5,TMEB419,Early,False,merged_images\train\ID_180664_Op8l7j.png,905
372,ID_202049_Zpvt7u,S11rphogci,6,L,20,34,2.1,IBA154810,Early,False,merged_images\train\ID_202049_Zpvt7u.png,1009
373,ID_694646_Famnkr,Toaefqwoli,7,L,37,47,1.9,TMEB419,Early,False,merged_images\train\ID_694646_Famnkr.png,875
374,ID_424614_L8szj2,Q4uyruus4j,7,L,33,45,0.9,IBA980581,Early,False,merged_images\train\ID_424614_L8szj2.png,23
375,ID_860702_Avb9v1,Yznlv6wrsh,5,L,30,39,1.4,DIXON,Early,False,merged_images\train\ID_860702_Avb9v1.png,901
376,ID_223242_Vd2n5f,Tbhppxjkvr,1,R,16,24,2.3,IBA980581,Early,False,merged_images\train\ID_223242_Vd2n5f.png,988
377,ID_497108_Imsrou,Xdi1ipcemf,6,L,21,28,4.3,IITA-TMS-IBA000070,Early,False,merged_images\train\ID_497108_Imsrou.png,37
378,ID_874698_Sofloa,L6qdyaff5q,4,L,26,31,0.9,TMEB693,Early,False,merged_images\train\ID_874698_Sofloa.png,1186
379,ID_925389_Gdjxgh,Laspkqmflo,4,L,33,40,0.02,IKN130010,Early,False,merged_images\train\ID_925389_Gdjxgh.png,878
380,ID_809706_Hgrlkk,Nrse2plksd,5,L,19,30,2.9,TMEB693,Early,False,merged_images\train\ID_809706_Hgrlkk.png,40
381,ID_592215_Hfzzen,Ntqusw7xpb,4,L,19,31,2.2,TMEB419,Early,False,merged_images\train\ID_592215_Hfzzen.png,1027
382,ID_995502_L5bkz9,Izbgyxre0g,4,R,22,33,1.3,IBA154810,Early,False,merged_images\train\ID_995502_L5bkz9.png,85
383,ID_490708_Isn2o5,Efaiye0hmy,1,R,20,30,4.8,IBA980581,Early,False,merged_images\train\ID_490708_Isn2o5.png,62
384,ID_899134_Gyrlfg,Rzyf8hal4j,1,R,38,47,1.3,IBA154810,Early,False,merged_images\train\ID_899134_Gyrlfg.png,955
385,ID_747792_Ofa0wh,Izbgyxre0g,6,R,22,33,3.7,IBA154810,Early,False,merged_images\train\ID_747792_Ofa0wh.png,85
