,ID,FolderName,PlantNumber,Side,Start,End,RootVolume,Genotype,Stage,segments
0,ID_826322_Lbmaya,A6dzrkjqvl,3,L,33,42,0.9,IITA-TMS-IBA000070,Early,processed_data/train/A6dzrkjqvl_3.png
1,ID_718181_Bslpwx,Ypktwvqjbn,7,L,33,41,1.5,IBA154810,Early,processed_data/train/Ypktwvqjbn_7.png
2,ID_465762_L1n61d,Ox18ob0syv,4,R,21,28,2.7,IBA980581,Early,processed_data/train/Ox18ob0syv_4.png
3,ID_626872_Pbmx2e,Hqcekwpxgu,2,R,30,39,2.6,IITA-TMS-IBA000070,Early,processed_data/train/Hqcekwpxgu_2.png
4,ID_518846_Opko8c,Ummqfuetoc,1,R,17,26,2.7,IBA980581,Early,processed_data/train/Ummqfuetoc_1.png
5,ID_167189_Lxr1uc,B5myqsh1wi,4,R,26,35,1.3,TMEB419,Early,processed_data/train/B5myqsh1wi_4.png
6,ID_171226_Jaqvha,L8w7zu7wek,5,R,27,33,4.5,IITA-TMS-IBA000070,Early,processed_data/train/L8w7zu7wek_5.png
7,ID_174315_Lw9ftc,Izbgyxre0g,2,L,24,37,3.7,IBA154810,Early,processed_data/train/Izbgyxre0g_2.png
8,ID_216014_Djn5n6,Vinlgebupo,2,L,23,29,0.4,IBA980581,Early,processed_data/train/Vinlgebupo_2.png
9,ID_737506_Hrpn4d,Hc3b9gicdo,5,L,37,45,3.1,IITA-TMS-IBA000070,Early,processed_data/train/Hc3b9gicdo_5.png
10,ID_199600_Ewizmo,Lzkaccojep,4,L,24,39,6.2,TMEB419,Early,processed_data/train/Lzkaccojep_4.png
11,ID_435671_Aebsus,Q4uyruus4j,4,R,27,33,2.8,IBA980581,Early,processed_data/train/Q4uyruus4j_4.png
12,ID_619181_Naqnhc,Yxmmb4wt55,4,R,17,32,3.0,IITA-TMS-IBA000070,Early,processed_data/train/Yxmmb4wt55_4.png
13,ID_386102_Nxfbxd,Sauopakhvn,4,R,21,45,0.5,TMEB419,Early,processed_data/train/Sauopakhvn_4.png
14,ID_989335_Vfh75b,Mpmvh2mgm3,3,L,32,40,4.9,TMEB419,Early,processed_data/train/Mpmvh2mgm3_3.png
15,ID_130988_Lor3j3,B8x7mhxe6z,1,R,20,30,0.8,IBA154810,Early,processed_data/train/B8x7mhxe6z_1.png
16,ID_748330_Wng7lt,Kjvcz6bjfj,5,R,26,39,0.2,IBA980581,Early,processed_data/train/Kjvcz6bjfj_5.png
17,ID_682864_Lewqed,Ntqusw7xpb,4,R,37,46,2.2,TMEB419,Early,processed_data/train/Ntqusw7xpb_4.png
18,ID_541673_F5dfwh,Ecxdebmlnr,3,R,25,36,0.02,IITA-TMS-IBA000070,Early,processed_data/train/Ecxdebmlnr_3.png
19,ID_700584_N3yrce,V6awcupt6m,5,R,28,39,2.3,TMEB693,Early,processed_data/train/V6awcupt6m_5.png
20,ID_389935_Wf0rvu,Ah4ubi4ggi,5,R,27,44,2.3,IITA-TMS-IBA000070,Early,processed_data/train/Ah4ubi4ggi_5.png
21,ID_916044_G6ck2f,Ph2ti2sjzu,3,L,22,35,0.01,IBA980581,Early,processed_data/train/Ph2ti2sjzu_3.png
22,ID_414102_Nbkm4z,Vlqr6qhbqk,2,R,32,40,1.8,IBA154810,Early,processed_data/train/Vlqr6qhbqk_2.png
23,ID_912053_Mg3hwe,Idiolerx47,5,L,10,20,3.0,IITA-TMS-IBA000070,Late,processed_data/train/Idiolerx47_5.png
24,ID_661969_Lnu1x9,Pw4ytibfql,4,L,25,32,1.5,TMEB419,Early,processed_data/train/Pw4ytibfql_4.png
25,ID_522599_Uvg4bq,Gernxgxbnu,5,L,14,19,0.0,TMEB419,Late,processed_data/train/Gernxgxbnu_5.png
26,ID_598519_Gvxcep,Lsdgz02kdp,7,L,29,40,2.1,TMEB693,Early,processed_data/train/Lsdgz02kdp_7.png
27,ID_885908_Ijv0l9,Mpmvh2mgm3,4,L,32,40,4.8,TMEB419,Early,processed_data/train/Mpmvh2mgm3_4.png
28,ID_327566_Rnomjq,Xrrcqvdbkw,5,R,27,36,2.9,IBA154810,Early,processed_data/train/Xrrcqvdbkw_5.png
29,ID_661938_Ejfr2m,Zplb9xaxis,3,L,19,26,0.3,TMEB693,Late,processed_data/train/Zplb9xaxis_3.png
30,ID_871687_Ojcyma,Dz9lpsl9ae,5,L,37,46,1.4,TMEB419,Early,processed_data/train/Dz9lpsl9ae_5.png
31,ID_824915_A9kvq3,Vlcavd4dwj,5,L,34,42,4.5,IITA-TMS-IBA000070,Early,processed_data/train/Vlcavd4dwj_5.png
32,ID_624401_Iohnop,Ifqbqqrika,2,L,26,32,1.4,TMEB693,Early,processed_data/train/Ifqbqqrika_2.png
33,ID_134905_Id9pcw,Qhqftdiz4q,5,R,49,60,1.9,IITA-TMS-IBA000070,Early,processed_data/train/Qhqftdiz4q_5.png
34,ID_260205_Ehppmv,Qhqftdiz4q,4,R,49,60,4.5,IITA-TMS-IBA000070,Early,processed_data/train/Qhqftdiz4q_4.png
35,ID_794937_Y224fs,Pw4ytibfql,5,L,25,32,1.9,TMEB419,Early,processed_data/train/Pw4ytibfql_5.png
36,ID_677302_Zjlged,Ah4ubi4ggi,4,L,42,49,0.8,IITA-TMS-IBA000070,Early,processed_data/train/Ah4ubi4ggi_4.png
37,ID_432572_Ygv3sh,Xdi1ipcemf,5,R,32,38,4.2,IITA-TMS-IBA000070,Early,processed_data/train/Xdi1ipcemf_5.png
38,ID_387368_Aitmyp,Yznlv6wrsh,3,L,30,39,0.4,DIXON,Early,processed_data/train/Yznlv6wrsh_3.png
39,ID_684183_Sdvb3a,Pctl4tyb9l,4,L,46,53,7.9,IITA-TMS-IBA000070,Early,processed_data/train/Pctl4tyb9l_4.png
40,ID_477341_Almkhm,Ubgsvkns3h,4,L,33,40,0.65,IKN130010,Early,processed_data/train/Ubgsvkns3h_4.png
41,ID_612373_P9lo1t,Wgutyon8uu,5,R,23,37,1.8,TMEB419,Early,processed_data/train/Wgutyon8uu_5.png
42,ID_605863_Gfc23p,Rzyf8hal4j,7,L,32,40,1.3,IBA154810,Early,processed_data/train/Rzyf8hal4j_7.png
43,ID_308291_Wsm6xe,Ummqfuetoc,5,L,25,32,2.1,IBA980581,Early,processed_data/train/Ummqfuetoc_5.png
44,ID_819632_Ytjapa,Mskdmpitqk,3,R,27,36,1.4,TMEB419,Early,processed_data/train/Mskdmpitqk_3.png
45,ID_469361_Rhupas,Mskdmpitqk,4,R,27,36,2.1,TMEB419,Early,processed_data/train/Mskdmpitqk_4.png
46,ID_935675_Rve787,Me1ufzzcxk,5,R,23,32,0.02,TMEB419,Early,processed_data/train/Me1ufzzcxk_5.png
47,ID_456912_Blrqzy,Ah4ubi4ggi,3,L,42,49,2.3,IITA-TMS-IBA000070,Early,processed_data/train/Ah4ubi4ggi_3.png
48,ID_601291_Krxvyc,Mylwjeq6tq,4,R,19,42,2.7,IBA980581,Early,processed_data/train/Mylwjeq6tq_4.png
49,ID_804694_Fiysfq,Ifqbqqrika,6,L,26,32,0.8,TMEB693,Early,processed_data/train/Ifqbqqrika_6.png
50,ID_619512_Hveydf,Dz9lpsl9ae,2,R,45,50,0.9,TMEB419,Early,processed_data/train/Dz9lpsl9ae_2.png
51,ID_613613_Nlusan,Qinorm9cg3,6,R,22,30,0.4,IBA980581,Early,processed_data/train/Qinorm9cg3_6.png
52,ID_211500_Ndgm1d,Vbkivqphuz,5,L,20,32,2.1,TMEB693,Early,processed_data/train/Vbkivqphuz_5.png
53,ID_972865_Fn6ars,Puya1uaaln,3,R,16,37,3.8,TMEB419,Early,processed_data/train/Puya1uaaln_3.png
54,ID_885233_Ay9evt,Ifqbqqrika,3,R,20,25,0.3,TMEB693,Early,processed_data/train/Ifqbqqrika_3.png
55,ID_378379_Edfqp5,Lsdgz02kdp,4,R,17,27,1.7,TMEB693,Early,processed_data/train/Lsdgz02kdp_4.png
56,ID_470797_Ayxwed,Dz9lpsl9ae,3,L,37,46,2.5,TMEB419,Early,processed_data/train/Dz9lpsl9ae_3.png
57,ID_636792_Iqfew2,L5l1h3kekg,4,L,38,50,1.4,IITA-TMS-IBA000070,Early,processed_data/train/L5l1h3kekg_4.png
58,ID_930483_Dtfg1r,Pucqtyga9u,3,L,30,40,0.5,TMEB419,Early,processed_data/train/Pucqtyga9u_3.png
59,ID_543377_Puizhy,Puya1uaaln,4,R,16,37,1.9,TMEB419,Early,processed_data/train/Puya1uaaln_4.png
60,ID_588554_Hzpbye,P3om3dfa78,1,R,21,31,0.9,TMEB419,Early,processed_data/train/P3om3dfa78_1.png
61,ID_750705_Fl3z8e,Ot13d4nq6t,3,L,41,50,0.5,DIXON,Early,processed_data/train/Ot13d4nq6t_3.png
62,ID_326412_Yepco3,Jtcfkuovxk,4,R,28,45,0.4,TMEB693,Early,processed_data/train/Jtcfkuovxk_4.png
63,ID_717973_Dmcd2q,Vinlgebupo,6,L,23,29,0.8,IBA980581,Early,processed_data/train/Vinlgebupo_6.png
64,ID_434216_Bjmknr,F3odypnsyf,5,L,15,23,3.4,IITA-TMS-IBA000070,Late,processed_data/train/F3odypnsyf_5.png
65,ID_147245_X3bsuc,Wgutyon8uu,3,L,18,45,1.8,TMEB419,Early,processed_data/train/Wgutyon8uu_3.png
66,ID_643905_Ruonfx,Lwuwokuhrf,5,R,15,30,5.8,TMEB419,Early,processed_data/train/Lwuwokuhrf_5.png
67,ID_279168_I3ptav,Hzapvbcfm8,4,R,24,30,1.4,IBA154810,Early,processed_data/train/Hzapvbcfm8_4.png
68,ID_772320_Mbgwbz,Vbkivqphuz,3,R,30,38,2.1,TMEB693,Early,processed_data/train/Vbkivqphuz_3.png
69,ID_262580_W6oitf,H9lomh5fxk,5,L,40,50,0.3,TMEB419,Early,processed_data/train/H9lomh5fxk_5.png
70,ID_311146_Vhntsv,L8w7zu7wek,3,L,33,51,4.5,IITA-TMS-IBA000070,Early,processed_data/train/L8w7zu7wek_3.png
71,ID_721485_Slgu6q,Mskdmpitqk,4,L,21,36,2.1,TMEB419,Early,processed_data/train/Mskdmpitqk_4.png
72,ID_714845_Rfhbdv,Isdzz86frg,6,L,10,23,2.3,IITA-TMS-IBA000070,Late,processed_data/train/Isdzz86frg_6.png
73,ID_677067_Lk1opz,S6lk1xauct,5,L,28,33,2.3,TMEB419,Early,processed_data/train/S6lk1xauct_5.png
74,ID_364756_Ypesry,Jrem9eo37e,5,L,29,36,2.6,IBA154810,Early,processed_data/train/Jrem9eo37e_5.png
75,ID_106896_Zl2dzl,Pucqtyga9u,6,R,37,43,1.5,TMEB419,Early,processed_data/train/Pucqtyga9u_6.png
76,ID_820530_Axdmox,Pw4ytibfql,2,R,28,35,1.4,TMEB419,Early,processed_data/train/Pw4ytibfql_2.png
77,ID_543302_Ce9sym,Yjzw2bylox,6,L,25,32,0.9,TMEB693,Early,processed_data/train/Yjzw2bylox_6.png
78,ID_381199_Gmjp9s,V6awcupt6m,6,L,34,41,0.2,TMEB693,Early,processed_data/train/V6awcupt6m_6.png
79,ID_568055_Ynpzbb,Xydfltswbm,5,L,43,50,2.5,IBA154810,Early,processed_data/train/Xydfltswbm_5.png
80,ID_162495_Ppjteb,Pucqtyga9u,2,R,37,43,0.5,TMEB419,Early,processed_data/train/Pucqtyga9u_2.png
81,ID_964010_Vm9kue,L8w7zu7wek,2,R,27,33,2.2,IITA-TMS-IBA000070,Early,processed_data/train/L8w7zu7wek_2.png
82,ID_375603_Gdqrl8,Kjvcz6bjfj,3,R,26,39,2.3,IBA980581,Early,processed_data/train/Kjvcz6bjfj_3.png
83,ID_722021_Zddwq1,Rzyf8hal4j,3,L,32,40,3.0,IBA154810,Early,processed_data/train/Rzyf8hal4j_3.png
84,ID_170847_F3fsoi,Lwuwokuhrf,1,R,15,30,3.1,TMEB419,Early,processed_data/train/Lwuwokuhrf_1.png
85,ID_754042_Owwqpa,Tbhppxjkvr,5,L,22,31,2.7,IBA980581,Early,processed_data/train/Tbhppxjkvr_5.png
86,ID_645074_Wwbbkm,Miny0c252a,2,R,28,35,2.8,IITA-TMS-IBA000070,Early,processed_data/train/Miny0c252a_2.png
87,ID_712776_Muhdiq,Hzapvbcfm8,6,R,24,30,0.75,IBA154810,Early,processed_data/train/Hzapvbcfm8_6.png
88,ID_791725_Rhiidd,Toaefqwoli,6,L,37,47,0.5,TMEB419,Early,processed_data/train/Toaefqwoli_6.png
89,ID_668337_Sbyzrp,Puya1uaaln,4,L,26,42,1.9,TMEB419,Early,processed_data/train/Puya1uaaln_4.png
90,ID_260577_Zumui0,Rzyf8hal4j,5,R,38,47,3.0,IBA154810,Early,processed_data/train/Rzyf8hal4j_5.png
91,ID_757689_Dcife2,Vlcavd4dwj,3,L,34,42,2.8,IITA-TMS-IBA000070,Early,processed_data/train/Vlcavd4dwj_3.png
92,ID_322039_Ygm7e5,Cex3glsnzv,7,L,40,47,0.2,DIXON,Early,processed_data/train/Cex3glsnzv_7.png
93,ID_906453_Jtgmbn,Vlqr6qhbqk,6,L,48,55,1.8,IBA154810,Early,processed_data/train/Vlqr6qhbqk_6.png
94,ID_547014_P8mj1g,S6lk1xauct,4,L,28,33,2.1,TMEB419,Early,processed_data/train/S6lk1xauct_4.png
95,ID_432631_Fnb8jf,Q91mym9ev4,3,R,22,30,1.7,TMEB693,Early,processed_data/train/Q91mym9ev4_3.png
96,ID_597793_X99k4f,Tbhppxjkvr,3,R,16,24,2.7,IBA980581,Early,processed_data/train/Tbhppxjkvr_3.png
97,ID_755935_Bzrkjq,Aevcaxguiw,2,L,8,16,4.2,IITA-TMS-IBA000070,Late,processed_data/train/Aevcaxguiw_2.png
98,ID_325246_Pppt37,S6lk1xauct,3,R,24,39,2.3,TMEB419,Early,processed_data/train/S6lk1xauct_3.png
99,ID_175452_Du2oso,Dhfwcg1uj2,2,R,20,32,0.9,IBA154810,Early,processed_data/train/Dhfwcg1uj2_2.png
100,ID_778253_Ffmftz,Rzyf8hal4j,4,L,32,40,1.8,IBA154810,Early,processed_data/train/Rzyf8hal4j_4.png
101,ID_335091_Rceu2s,Ecxdebmlnr,1,R,25,36,0.3,IITA-TMS-IBA000070,Early,processed_data/train/Ecxdebmlnr_1.png
102,ID_753044_J7koen,Izbgyxre0g,5,R,22,33,2.2,IBA154810,Early,processed_data/train/Izbgyxre0g_5.png
103,ID_924076_Gqkl6j,Ph2ti2sjzu,4,L,22,35,4.2,IBA980581,Early,processed_data/train/Ph2ti2sjzu_4.png
104,ID_246322_Wcvxox,B8x7mhxe6z,7,L,23,33,0.8,IBA154810,Early,processed_data/train/B8x7mhxe6z_7.png
105,ID_871726_Heyzw6,Xydfltswbm,3,L,43,50,0.5,IBA154810,Early,processed_data/train/Xydfltswbm_3.png
106,ID_495384_Ezhnq9,Xrrcqvdbkw,3,R,27,36,2.1,IBA154810,Early,processed_data/train/Xrrcqvdbkw_3.png
107,ID_225072_B3txqy,Ah4ubi4ggi,3,R,27,44,3.1,IITA-TMS-IBA000070,Early,processed_data/train/Ah4ubi4ggi_3.png
108,ID_290289_L4hhmq,L8w7zu7wek,5,L,33,51,2.9,IITA-TMS-IBA000070,Early,processed_data/train/L8w7zu7wek_5.png
109,ID_198688_Euc97b,F5lrpuuq8q,2,R,23,31,2.7,IBA980581,Early,processed_data/train/F5lrpuuq8q_2.png
110,ID_224297_Plu8jf,Dhfwcg1uj2,6,L,20,32,0.9,IBA154810,Early,processed_data/train/Dhfwcg1uj2_6.png
111,ID_375872_E2puro,Rzyf8hal4j,2,R,38,47,1.4,IBA154810,Early,processed_data/train/Rzyf8hal4j_2.png
112,ID_327496_F9llgg,Klhqlr0ako,5,L,38,47,1.4,TMEB693,Early,processed_data/train/Klhqlr0ako_5.png
113,ID_140931_Eidoxm,Lwuwokuhrf,7,L,25,40,3.1,TMEB419,Early,processed_data/train/Lwuwokuhrf_7.png
114,ID_287267_Egezfb,S6lk1xauct,4,R,24,39,2.1,TMEB419,Early,processed_data/train/S6lk1xauct_4.png
115,ID_194164_Bsrwho,Pucqtyga9u,4,R,37,43,1.4,TMEB419,Early,processed_data/train/Pucqtyga9u_4.png
116,ID_789159_Aqdtho,Kcqzgef5an,7,L,18,27,0.0,TMEB693,Early,processed_data/train/Kcqzgef5an_7.png
117,ID_309524_Tsywg8,Kjvcz6bjfj,4,R,26,39,2.1,IBA980581,Early,processed_data/train/Kjvcz6bjfj_4.png
118,ID_526113_Y4b17u,A6dzrkjqvl,4,L,33,42,1.8,IITA-TMS-IBA000070,Early,processed_data/train/A6dzrkjqvl_4.png
119,ID_105069_Ivzzqa,Jtcfkuovxk,5,L,18,26,2.1,TMEB693,Early,processed_data/train/Jtcfkuovxk_5.png
120,ID_761355_Ksxzhs,Hzapvbcfm8,2,R,24,30,1.7,IBA154810,Early,processed_data/train/Hzapvbcfm8_2.png
121,ID_502352_Sz2zeb,Hzapvbcfm8,4,L,19,35,1.4,IBA154810,Early,processed_data/train/Hzapvbcfm8_4.png
122,ID_964577_Dvzz6h,Ummqfuetoc,2,R,17,26,2.2,IBA980581,Early,processed_data/train/Ummqfuetoc_2.png
123,ID_458058_L3ygsi,V6awcupt6m,5,L,34,41,0.8,TMEB693,Early,processed_data/train/V6awcupt6m_5.png
124,ID_934120_Rpwsrz,Ceibvxd51g,3,R,37,45,0.1,DIXON,Early,processed_data/train/Ceibvxd51g_3.png
125,ID_185883_Bt6qfa,Ot13d4nq6t,2,L,41,50,0.5,DIXON,Early,processed_data/train/Ot13d4nq6t_2.png
126,ID_388923_Vspgeb,Jtcfkuovxk,4,L,18,26,0.4,TMEB693,Early,processed_data/train/Jtcfkuovxk_4.png
127,ID_228448_Fpjidx,Pucqtyga9u,4,L,30,40,1.4,TMEB419,Early,processed_data/train/Pucqtyga9u_4.png
128,ID_402352_Ghl6ae,Pw4ytibfql,6,L,25,32,1.4,TMEB419,Early,processed_data/train/Pw4ytibfql_6.png
129,ID_338368_Lpb5hs,Xdi1ipcemf,5,L,21,28,3.8,IITA-TMS-IBA000070,Early,processed_data/train/Xdi1ipcemf_5.png
130,ID_942723_U6r0cz,Bs8ueatyis,6,L,33,42,1.8,TMEB693,Early,processed_data/train/Bs8ueatyis_6.png
131,ID_173595_Oveu0u,F1p0lhe1ij,1,R,30,37,2.9,IITA-TMS-IBA000070,Early,processed_data/train/F1p0lhe1ij_1.png
132,ID_708233_Phevgh,Bs8ueatyis,7,L,33,42,0.4,TMEB693,Early,processed_data/train/Bs8ueatyis_7.png
133,ID_183767_Vuz2mr,Lsdgz02kdp,4,L,29,40,1.7,TMEB693,Early,processed_data/train/Lsdgz02kdp_4.png
134,ID_884519_Vdztlr,B5myqsh1wi,5,R,26,35,0.1,TMEB419,Early,processed_data/train/B5myqsh1wi_5.png
135,ID_870170_Tfgnvr,Hc3b9gicdo,1,R,29,38,1.9,IITA-TMS-IBA000070,Early,processed_data/train/Hc3b9gicdo_1.png
136,ID_579277_S5z2ov,B8x7mhxe6z,5,R,20,30,6.6,IBA154810,Early,processed_data/train/B8x7mhxe6z_5.png
137,ID_778776_Jbjg2v,Mrw7chmalv,5,L,18,23,0.9,IBA154810,Early,processed_data/train/Mrw7chmalv_5.png
138,ID_598878_Hoeecl,Up8aqujy0s,6,R,25,33,4.9,IBA154810,Early,processed_data/train/Up8aqujy0s_6.png
139,ID_744473_Wa9j0w,Ceibvxd51g,4,R,37,45,0.7,DIXON,Early,processed_data/train/Ceibvxd51g_4.png
140,ID_546186_R7be7y,Ah4ubi4ggi,5,L,42,49,3.1,IITA-TMS-IBA000070,Early,processed_data/train/Ah4ubi4ggi_5.png
141,ID_422138_Vqhuqf,Mskdmpitqk,2,L,21,36,1.7,TMEB419,Early,processed_data/train/Mskdmpitqk_2.png
142,ID_635513_Jn1fnv,Ceibvxd51g,6,R,37,45,0.5,DIXON,Early,processed_data/train/Ceibvxd51g_6.png
143,ID_261694_Oa4ssj,Td901zykbu,3,L,8,14,2.3,TMEB419,Late,processed_data/train/Td901zykbu_3.png
144,ID_355808_Brk59j,Mrw7chmalv,6,L,18,23,3.3,IBA154810,Early,processed_data/train/Mrw7chmalv_6.png
145,ID_375447_Zarog3,Yznlv6wrsh,2,R,45,53,0.7,DIXON,Early,processed_data/train/Yznlv6wrsh_2.png
146,ID_371892_Zfw9o2,Ynjc34lyjb,6,L,10,16,4.0,TMEB693,Late,processed_data/train/Ynjc34lyjb_6.png
147,ID_684744_C8mesi,Lsdgz02kdp,2,R,17,27,1.4,TMEB693,Early,processed_data/train/Lsdgz02kdp_2.png
148,ID_373357_Xwidqe,Izbgyxre0g,3,L,24,37,2.2,IBA154810,Early,processed_data/train/Izbgyxre0g_3.png
149,ID_264213_Cgtotk,L8w7zu7wek,6,L,33,51,2.2,IITA-TMS-IBA000070,Early,processed_data/train/L8w7zu7wek_6.png
150,ID_360687_Uisdbc,Yxmmb4wt55,5,R,17,32,1.8,IITA-TMS-IBA000070,Early,processed_data/train/Yxmmb4wt55_5.png
151,ID_788219_Xfqpis,Vlqr6qhbqk,7,L,48,55,1.7,IBA154810,Early,processed_data/train/Vlqr6qhbqk_7.png
152,ID_514740_Z6tjqi,Mrw7chmalv,2,R,30,43,3.3,IBA154810,Early,processed_data/train/Mrw7chmalv_2.png
153,ID_367984_Bytnqc,Up8aqujy0s,3,R,25,33,1.8,IBA154810,Early,processed_data/train/Up8aqujy0s_3.png
154,ID_692153_Vihmpz,Mpmvh2mgm3,3,R,24,38,6.3,TMEB419,Early,processed_data/train/Mpmvh2mgm3_3.png
155,ID_713907_Yoe0xx,Mpmvh2mgm3,5,L,32,40,6.3,TMEB419,Early,processed_data/train/Mpmvh2mgm3_5.png
156,ID_401529_Uyzasm,Ox18ob0syv,4,L,25,32,2.7,IBA980581,Early,processed_data/train/Ox18ob0syv_4.png
157,ID_348064_Kojgm2,Lsdgz02kdp,6,L,29,40,1.4,TMEB693,Early,processed_data/train/Lsdgz02kdp_6.png
158,ID_931181_Fkqros,Ummqfuetoc,6,L,25,32,2.2,IBA980581,Early,processed_data/train/Ummqfuetoc_6.png
159,ID_926744_Whuinw,Efaiye0hmy,3,R,20,30,2.3,IBA980581,Early,processed_data/train/Efaiye0hmy_3.png
160,ID_108603_Ymh5st,Oipmzygepq,1,R,32,39,2.9,TMEB693,Early,processed_data/train/Oipmzygepq_1.png
161,ID_641773_Arvdbh,Ntqusw7xpb,3,L,19,31,3.5,TMEB419,Early,processed_data/train/Ntqusw7xpb_3.png
162,ID_560934_Foqzoq,Qhqftdiz4q,3,L,28,38,1.9,IITA-TMS-IBA000070,Early,processed_data/train/Qhqftdiz4q_3.png
163,ID_517102_H0gded,S11rphogci,5,R,25,35,1.7,IBA154810,Early,processed_data/train/S11rphogci_5.png
164,ID_627706_Jbbmfl,Geksu5kuf3,5,R,35,44,1.5,TMEB693,Early,processed_data/train/Geksu5kuf3_5.png
165,ID_538395_Ysc6pg,P3om3dfa78,5,R,21,31,3.1,TMEB419,Early,processed_data/train/P3om3dfa78_5.png
166,ID_820629_E0cmbu,S11rphogci,4,L,20,34,0.9,IBA154810,Early,processed_data/train/S11rphogci_4.png
167,ID_675049_Lu9jim,Kjvcz6bjfj,4,L,24,36,2.1,IBA980581,Early,processed_data/train/Kjvcz6bjfj_4.png
168,ID_646686_Imbjg8,Vwsx0beaxb,4,R,19,28,2.9,IBA980581,Early,processed_data/train/Vwsx0beaxb_4.png
169,ID_788890_Vpavbg,M4stkh3qez,3,R,26,34,1.7,IBA980581,Early,processed_data/train/M4stkh3qez_3.png
170,ID_460509_Hshszf,Ubgsvkns3h,2,L,33,40,0.15,IKN130010,Early,processed_data/train/Ubgsvkns3h_2.png
171,ID_552448_Xdrijw,Geksu5kuf3,4,R,35,44,2.5,TMEB693,Early,processed_data/train/Geksu5kuf3_4.png
172,ID_858876_Vraxy7,Xdi1ipcemf,2,R,32,38,4.3,IITA-TMS-IBA000070,Early,processed_data/train/Xdi1ipcemf_2.png
173,ID_769193_Hzpyfs,Vwsx0beaxb,4,L,27,39,2.9,IBA980581,Early,processed_data/train/Vwsx0beaxb_4.png
174,ID_504614_Uq7up4,Ph2ti2sjzu,6,L,22,35,3.1,IBA980581,Early,processed_data/train/Ph2ti2sjzu_6.png
175,ID_384233_G1mzyk,Up8aqujy0s,6,L,29,40,1.7,IBA154810,Early,processed_data/train/Up8aqujy0s_6.png
176,ID_421709_Tt7kdq,Tbhppxjkvr,4,R,16,24,2.3,IBA980581,Early,processed_data/train/Tbhppxjkvr_4.png
177,ID_737941_Ojh6bl,Ypktwvqjbn,4,L,33,41,0.9,IBA154810,Early,processed_data/train/Ypktwvqjbn_4.png
178,ID_628568_Jox84g,Pfp24vx905,4,R,27,34,2.6,TMEB419,Early,processed_data/train/Pfp24vx905_4.png
179,ID_164571_C087eg,Qhqftdiz4q,4,L,28,38,4.5,IITA-TMS-IBA000070,Early,processed_data/train/Qhqftdiz4q_4.png
180,ID_260420_Q52c06,Ummqfuetoc,3,R,17,26,2.1,IBA980581,Early,processed_data/train/Ummqfuetoc_3.png
181,ID_968227_Swsts5,Vlqr6qhbqk,4,L,48,55,0.8,IBA154810,Early,processed_data/train/Vlqr6qhbqk_4.png
182,ID_339012_Ng2xvo,Q4uyruus4j,2,R,27,33,1.5,IBA980581,Early,processed_data/train/Q4uyruus4j_2.png
183,ID_162228_Fl5bjt,Yznlv6wrsh,2,L,30,39,0.5,DIXON,Early,processed_data/train/Yznlv6wrsh_2.png
184,ID_433485_Jp0jac,Yxmmb4wt55,6,R,17,32,3.0,IITA-TMS-IBA000070,Early,processed_data/train/Yxmmb4wt55_6.png
185,ID_884180_Ixz9ew,Yznlv6wrsh,6,R,45,53,0.5,DIXON,Early,processed_data/train/Yznlv6wrsh_6.png
186,ID_467038_Nqf1lb,L5l1h3kekg,2,R,40,47,2.5,IITA-TMS-IBA000070,Early,processed_data/train/L5l1h3kekg_2.png
187,ID_805678_Um0fgy,Puya1uaaln,5,L,26,42,3.8,TMEB419,Early,processed_data/train/Puya1uaaln_5.png
188,ID_945384_D2zruc,Miny0c252a,1,R,28,35,2.5,IITA-TMS-IBA000070,Early,processed_data/train/Miny0c252a_1.png
189,ID_336490_Bums0z,Lsdgz02kdp,1,R,17,27,2.1,TMEB693,Early,processed_data/train/Lsdgz02kdp_1.png
190,ID_715148_B79wid,F1p0lhe1ij,2,R,30,37,2.3,IITA-TMS-IBA000070,Early,processed_data/train/F1p0lhe1ij_2.png
191,ID_352618_Bkgck9,F5lrpuuq8q,4,R,23,31,6.3,IBA980581,Early,processed_data/train/F5lrpuuq8q_4.png
192,ID_258788_Bsotub,Xrrcqvdbkw,6,R,27,36,2.2,IBA154810,Early,processed_data/train/Xrrcqvdbkw_6.png
193,ID_919400_Gdvbfj,F5lrpuuq8q,5,R,23,31,2.3,IBA980581,Early,processed_data/train/F5lrpuuq8q_5.png
194,ID_920387_Xgva6e,Dhfwcg1uj2,4,L,20,32,3.1,IBA154810,Early,processed_data/train/Dhfwcg1uj2_4.png
195,ID_218181_Znuc4o,Ubgsvkns3h,6,R,17,26,0.15,IKN130010,Early,processed_data/train/Ubgsvkns3h_6.png
196,ID_360463_P9hx91,J0zdanvgrq,5,L,10,20,2.9,TMEB693,Late,processed_data/train/J0zdanvgrq_5.png
197,ID_322158_S6zaav,Cex3glsnzv,4,L,40,47,0.8,DIXON,Early,processed_data/train/Cex3glsnzv_4.png
198,ID_410473_Jw3xrp,Nrse2plksd,5,R,25,35,0.8,TMEB693,Early,processed_data/train/Nrse2plksd_5.png
199,ID_252955_Sbkenf,Tbhppxjkvr,6,L,22,31,1.9,IBA980581,Early,processed_data/train/Tbhppxjkvr_6.png
200,ID_635510_Owmilz,Mskdmpitqk,6,R,27,36,1.7,TMEB419,Early,processed_data/train/Mskdmpitqk_6.png
201,ID_696696_Zi3xpb,Lsdgz02kdp,3,R,17,27,0.8,TMEB693,Early,processed_data/train/Lsdgz02kdp_3.png
202,ID_553304_Oevhga,Bb02c5k7wm,3,L,22,31,1.3,TMEB693,Early,processed_data/train/Bb02c5k7wm_3.png
203,ID_398135_Rfvny0,V6awcupt6m,3,L,34,41,2.3,TMEB693,Early,processed_data/train/V6awcupt6m_3.png
204,ID_229271_Lu8wjw,Xdi1ipcemf,3,L,21,28,4.2,IITA-TMS-IBA000070,Early,processed_data/train/Xdi1ipcemf_3.png
205,ID_508953_I9a4sr,H9lomh5fxk,4,L,40,50,1.7,TMEB419,Early,processed_data/train/H9lomh5fxk_4.png
206,ID_571092_My8cmf,Efaiye0hmy,5,R,20,30,1.4,IBA980581,Early,processed_data/train/Efaiye0hmy_5.png
207,ID_676787_Ggdmoz,Toaefqwoli,4,L,37,47,1.4,TMEB419,Early,processed_data/train/Toaefqwoli_4.png
208,ID_723964_Ywt632,Pucqtyga9u,6,L,30,40,0.5,TMEB419,Early,processed_data/train/Pucqtyga9u_6.png
209,ID_515421_Gwmjch,Ot13d4nq6t,6,L,41,50,0.8,DIXON,Early,processed_data/train/Ot13d4nq6t_6.png
210,ID_321332_Jptlgu,Pw4ytibfql,4,R,28,35,1.5,TMEB419,Early,processed_data/train/Pw4ytibfql_4.png
211,ID_648472_Eemzrc,Miny0c252a,3,R,28,35,1.3,IITA-TMS-IBA000070,Early,processed_data/train/Miny0c252a_3.png
212,ID_289209_Svhhys,Jrem9eo37e,5,R,23,41,2.2,IBA154810,Early,processed_data/train/Jrem9eo37e_5.png
213,ID_695942_B3yk9p,Mpmvh2mgm3,5,R,24,38,4.9,TMEB419,Early,processed_data/train/Mpmvh2mgm3_5.png
214,ID_596196_Bc1mep,Up8aqujy0s,3,L,29,40,3.1,IBA154810,Early,processed_data/train/Up8aqujy0s_3.png
215,ID_794496_Oete9q,Up8aqujy0s,2,L,29,40,4.9,IBA154810,Early,processed_data/train/Up8aqujy0s_2.png
216,ID_347154_Yy34th,Dz9lpsl9ae,3,R,45,50,1.4,TMEB419,Early,processed_data/train/Dz9lpsl9ae_3.png
217,ID_834002_Jhc8iv,A2miww5mfx,2,L,10,23,4.2,IITA-TMS-IBA000070,Late,processed_data/train/A2miww5mfx_2.png
218,ID_925888_H532kw,Up8aqujy0s,2,R,25,33,1.7,IBA154810,Early,processed_data/train/Up8aqujy0s_2.png
219,ID_188457_Hmxnza,Mskdmpitqk,5,L,21,36,1.4,TMEB419,Early,processed_data/train/Mskdmpitqk_5.png
220,ID_413602_Qw1lqp,Kjvcz6bjfj,6,L,24,36,3.3,IBA980581,Early,processed_data/train/Kjvcz6bjfj_6.png
221,ID_862682_Lypcug,A6dzrkjqvl,6,L,33,42,0.1,IITA-TMS-IBA000070,Early,processed_data/train/A6dzrkjqvl_6.png
222,ID_192460_Svipuz,Ifqbqqrika,6,R,20,25,1.4,TMEB693,Early,processed_data/train/Ifqbqqrika_6.png
223,ID_677828_Vrcdwa,Xdi1ipcemf,3,R,32,38,3.8,IITA-TMS-IBA000070,Early,processed_data/train/Xdi1ipcemf_3.png
224,ID_333842_C2uq6i,Cex3glsnzv,3,L,40,47,0.8,DIXON,Early,processed_data/train/Cex3glsnzv_3.png
225,ID_592091_Zv1yr1,Kjvcz6bjfj,2,R,26,39,3.3,IBA980581,Early,processed_data/train/Kjvcz6bjfj_2.png
226,ID_834189_Vlamc8,Hzapvbcfm8,2,L,19,35,0.75,IBA154810,Early,processed_data/train/Hzapvbcfm8_2.png
227,ID_606851_Eqs9td,Vinlgebupo,4,L,23,29,0.8,IBA980581,Early,processed_data/train/Vinlgebupo_4.png
228,ID_874879_Ghp3rr,Yznlv6wrsh,3,R,45,53,1.4,DIXON,Early,processed_data/train/Yznlv6wrsh_3.png
229,ID_936141_Ejgfge,Qhqftdiz4q,5,L,28,38,2.3,IITA-TMS-IBA000070,Early,processed_data/train/Qhqftdiz4q_5.png
230,ID_378076_Nrudei,Lzkaccojep,4,R,16,25,6.2,TMEB419,Early,processed_data/train/Lzkaccojep_4.png
231,ID_455077_Fdecx1,Rxxe9bh6qn,6,L,31,40,0.8,IBA980581,Early,processed_data/train/Rxxe9bh6qn_6.png
232,ID_968546_Odnars,Ifqbqqrika,5,L,26,32,0.3,TMEB693,Early,processed_data/train/Ifqbqqrika_5.png
233,ID_840378_Tsgipd,Q4uyruus4j,4,L,33,45,2.8,IBA980581,Early,processed_data/train/Q4uyruus4j_4.png
234,ID_441775_Meft8t,L5l1h3kekg,4,R,40,47,1.4,IITA-TMS-IBA000070,Early,processed_data/train/L5l1h3kekg_4.png
235,ID_780516_Qapi7e,Lwuwokuhrf,3,L,25,40,5.8,TMEB419,Early,processed_data/train/Lwuwokuhrf_3.png
236,ID_534972_G3uqjv,Hzapvbcfm8,6,L,19,35,1.7,IBA154810,Early,processed_data/train/Hzapvbcfm8_6.png
237,ID_438041_Ccgrlo,Puya1uaaln,5,R,16,37,0.8,TMEB419,Early,processed_data/train/Puya1uaaln_5.png
238,ID_172124_Tegada,Jrem9eo37e,2,L,29,36,2.1,IBA154810,Early,processed_data/train/Jrem9eo37e_2.png
239,ID_902568_H7rugg,Nrse2plksd,3,L,19,30,0.8,TMEB693,Early,processed_data/train/Nrse2plksd_3.png
240,ID_717965_Ps4xjq,Ypktwvqjbn,3,L,33,41,1.5,IBA154810,Early,processed_data/train/Ypktwvqjbn_3.png
241,ID_643743_Vofy0n,Sauopakhvn,3,R,21,45,3.5,TMEB419,Early,processed_data/train/Sauopakhvn_3.png
242,ID_624313_Mahwp7,H9lomh5fxk,3,L,40,50,0.8,TMEB419,Early,processed_data/train/H9lomh5fxk_3.png
243,ID_302485_Lrml8f,Q91mym9ev4,5,L,22,33,1.7,TMEB693,Early,processed_data/train/Q91mym9ev4_5.png
244,ID_117194_Z3xwja,Xrrcqvdbkw,4,R,27,36,3.8,IBA154810,Early,processed_data/train/Xrrcqvdbkw_4.png
245,ID_415986_Vzh4h9,Q4uyruus4j,6,L,33,45,1.5,IBA980581,Early,processed_data/train/Q4uyruus4j_6.png
246,ID_219723_Urg3bc,Puya1uaaln,6,R,16,37,2.1,TMEB419,Early,processed_data/train/Puya1uaaln_6.png
247,ID_532248_Ciqsii,Nrse2plksd,4,L,19,30,2.5,TMEB693,Early,processed_data/train/Nrse2plksd_4.png
248,ID_891590_Kvyxwd,Ntqusw7xpb,5,R,37,46,3.5,TMEB419,Early,processed_data/train/Ntqusw7xpb_5.png
249,ID_849674_Eal3zo,Mpmvh2mgm3,6,L,32,40,4.9,TMEB419,Early,processed_data/train/Mpmvh2mgm3_6.png
250,ID_989244_Vl166b,Gawaekzxou,2,L,10,22,2.6,TMEB419,Late,processed_data/train/Gawaekzxou_2.png
251,ID_607500_V2uzg1,Hc3b9gicdo,7,L,37,45,1.9,IITA-TMS-IBA000070,Early,processed_data/train/Hc3b9gicdo_7.png
252,ID_651873_Swew3v,Ifqbqqrika,4,R,20,25,0.4,TMEB693,Early,processed_data/train/Ifqbqqrika_4.png
253,ID_696498_Kmv3tj,Lnkljfdtgh,1,R,23,43,2.9,IBA980581,Early,processed_data/train/Lnkljfdtgh_1.png
254,ID_675873_Xxholo,Jtcfkuovxk,3,R,28,45,2.1,TMEB693,Early,processed_data/train/Jtcfkuovxk_3.png
255,ID_273699_Sfshmj,Bs8ueatyis,5,L,33,42,0.2,TMEB693,Early,processed_data/train/Bs8ueatyis_5.png
256,ID_473931_A7uktd,Pctl4tyb9l,3,L,46,53,0.8,IITA-TMS-IBA000070,Early,processed_data/train/Pctl4tyb9l_3.png
257,ID_155623_Imbwek,Kjvcz6bjfj,5,L,24,36,2.3,IBA980581,Early,processed_data/train/Kjvcz6bjfj_5.png
258,ID_774461_Njabwt,S11rphogci,3,L,20,34,1.7,IBA154810,Early,processed_data/train/S11rphogci_3.png
259,ID_816451_Ihxfw8,Zbjyzgqwtu,4,L,22,30,0.8,IITA-TMS-IBA000070,Early,processed_data/train/Zbjyzgqwtu_4.png
260,ID_884849_Bmtyoy,Pfp24vx905,3,R,27,34,1.7,TMEB419,Early,processed_data/train/Pfp24vx905_3.png
261,ID_695272_Uayixd,Miny0c252a,5,R,28,35,1.7,IITA-TMS-IBA000070,Early,processed_data/train/Miny0c252a_5.png
262,ID_557942_Vj7t89,Bs8ueatyis,4,L,33,42,0.7,TMEB693,Early,processed_data/train/Bs8ueatyis_4.png
263,ID_622884_R2ybkc,Lsdgz02kdp,5,L,29,40,0.8,TMEB693,Early,processed_data/train/Lsdgz02kdp_5.png
264,ID_776620_Lnlqu2,Sauopakhvn,4,L,19,40,0.5,TMEB419,Early,processed_data/train/Sauopakhvn_4.png
265,ID_853674_Bme8ct,B5myqsh1wi,3,R,26,35,0.0,TMEB419,Early,processed_data/train/B5myqsh1wi_3.png
266,ID_469998_Ujd7fd,Tbhppxjkvr,5,R,16,24,2.9,IBA980581,Early,processed_data/train/Tbhppxjkvr_5.png
267,ID_473579_Qyszun,V6awcupt6m,3,R,28,39,0.8,TMEB693,Early,processed_data/train/V6awcupt6m_3.png
268,ID_344415_Yq8a1o,Rzyf8hal4j,6,L,32,40,1.4,IBA154810,Early,processed_data/train/Rzyf8hal4j_6.png
269,ID_700742_Mn3cha,Cvdxhjziab,3,L,10,23,5.9,IITA-TMS-IBA000070,Late,processed_data/train/Cvdxhjziab_3.png
270,ID_910467_Lvx1ds,V6awcupt6m,2,R,28,39,0.2,TMEB693,Early,processed_data/train/V6awcupt6m_2.png
271,ID_990602_Nvmm63,Pucqtyga9u,2,L,30,40,1.5,TMEB419,Early,processed_data/train/Pucqtyga9u_2.png
272,ID_831193_Ey2b8z,S11rphogci,2,R,25,35,2.1,IBA154810,Early,processed_data/train/S11rphogci_2.png
273,ID_276142_T0pxsx,Vlqr6qhbqk,4,R,32,40,0.8,IBA154810,Early,processed_data/train/Vlqr6qhbqk_4.png
274,ID_602978_Radio2,Yznlv6wrsh,4,R,45,53,1.5,DIXON,Early,processed_data/train/Yznlv6wrsh_4.png
275,ID_711770_G0ngy3,Tbhppxjkvr,7,L,22,31,2.3,IBA980581,Early,processed_data/train/Tbhppxjkvr_7.png
276,ID_307257_Kzg6ft,Ph2ti2sjzu,2,L,22,35,0.0,IBA980581,Early,processed_data/train/Ph2ti2sjzu_2.png
277,ID_366141_F1cfzq,S11rphogci,4,R,25,35,0.9,IBA154810,Early,processed_data/train/S11rphogci_4.png
278,ID_872906_Rkqbkw,Kjvcz6bjfj,2,L,24,36,2.3,IBA980581,Early,processed_data/train/Kjvcz6bjfj_2.png
279,ID_660348_Duhci3,Ah4ubi4ggi,6,L,42,49,11.0,IITA-TMS-IBA000070,Early,processed_data/train/Ah4ubi4ggi_6.png
280,ID_246628_Hvqjjx,Wgutyon8uu,4,L,18,45,2.2,TMEB419,Early,processed_data/train/Wgutyon8uu_4.png
281,ID_217660_Vly1am,Ifqbqqrika,2,R,20,25,0.8,TMEB693,Early,processed_data/train/Ifqbqqrika_2.png
282,ID_171046_Qj2ln4,Efaiye0hmy,4,R,20,30,2.8,IBA980581,Early,processed_data/train/Efaiye0hmy_4.png
283,ID_292232_Xpdtdg,Up8aqujy0s,5,R,25,33,3.1,IBA154810,Early,processed_data/train/Up8aqujy0s_5.png
284,ID_616877_Zht9zp,Rzyf8hal4j,4,R,38,47,1.8,IBA154810,Early,processed_data/train/Rzyf8hal4j_4.png
285,ID_401211_Cni840,Ifqbqqrika,4,L,26,32,0.4,TMEB693,Early,processed_data/train/Ifqbqqrika_4.png
286,ID_750020_Djqltk,Ceibvxd51g,5,R,37,45,0.1,DIXON,Early,processed_data/train/Ceibvxd51g_5.png
287,ID_237743_L8ggys,Vlqr6qhbqk,1,R,32,40,1.7,IBA154810,Early,processed_data/train/Vlqr6qhbqk_1.png
288,ID_895560_Hx4nri,Pctl4tyb9l,2,L,46,53,2.9,IITA-TMS-IBA000070,Early,processed_data/train/Pctl4tyb9l_2.png
289,ID_570572_Zjkhun,Miny0c252a,4,R,28,35,2.1,IITA-TMS-IBA000070,Early,processed_data/train/Miny0c252a_4.png
290,ID_867206_A2wc76,Pw4ytibfql,6,R,28,35,0.5,TMEB419,Early,processed_data/train/Pw4ytibfql_6.png
291,ID_683484_Yzlvbv,Yznlv6wrsh,5,R,45,53,0.4,DIXON,Early,processed_data/train/Yznlv6wrsh_5.png
292,ID_760708_Etomqh,Jrem9eo37e,3,R,23,41,2.6,IBA154810,Early,processed_data/train/Jrem9eo37e_3.png
293,ID_556927_D0wlds,Ah4ubi4ggi,2,R,27,44,11.0,IITA-TMS-IBA000070,Early,processed_data/train/Ah4ubi4ggi_2.png
294,ID_432147_Nburc1,Jrem9eo37e,3,L,29,36,2.2,IBA154810,Early,processed_data/train/Jrem9eo37e_3.png
295,ID_223701_Vhjywd,Qhqftdiz4q,3,R,49,60,2.3,IITA-TMS-IBA000070,Early,processed_data/train/Qhqftdiz4q_3.png
296,ID_313517_Zkxwdf,Nto14cbfiw,3,L,10,21,3.5,IITA-TMS-IBA000070,Late,processed_data/train/Nto14cbfiw_3.png
297,ID_185638_Pvy4ka,Yjzw2bylox,2,R,23,40,0.9,TMEB693,Early,processed_data/train/Yjzw2bylox_2.png
298,ID_707274_J1sbnt,Iuxzotmvrc,3,L,10,18,0.9,TMEB419,Late,processed_data/train/Iuxzotmvrc_3.png
299,ID_216190_Fevuwk,Mpmvh2mgm3,4,R,24,38,4.8,TMEB419,Early,processed_data/train/Mpmvh2mgm3_4.png
300,ID_377344_W7fzf6,Ubgsvkns3h,4,R,17,26,0.65,IKN130010,Early,processed_data/train/Ubgsvkns3h_4.png
301,ID_217529_Oh69wg,Me1ufzzcxk,1,R,23,32,2.6,TMEB419,Early,processed_data/train/Me1ufzzcxk_1.png
302,ID_794803_Tvlbyb,Rxxe9bh6qn,7,L,31,40,0.01,IBA980581,Early,processed_data/train/Rxxe9bh6qn_7.png
303,ID_320320_Gtiu4o,Kjvcz6bjfj,6,R,26,39,2.3,IBA980581,Early,processed_data/train/Kjvcz6bjfj_6.png
304,ID_598272_Axnwor,B8x7mhxe6z,3,L,23,33,6.6,IBA154810,Early,processed_data/train/B8x7mhxe6z_3.png
305,ID_601768_Jjlhig,Yznlv6wrsh,6,L,30,39,0.7,DIXON,Early,processed_data/train/Yznlv6wrsh_6.png
306,ID_603291_Cq9no2,Hzapvbcfm8,3,R,24,30,1.9,IBA154810,Early,processed_data/train/Hzapvbcfm8_3.png
307,ID_221122_Yzrwle,Tbhppxjkvr,4,L,22,31,2.3,IBA980581,Early,processed_data/train/Tbhppxjkvr_4.png
308,ID_871801_Bshynx,Tbhppxjkvr,2,R,16,24,1.9,IBA980581,Early,processed_data/train/Tbhppxjkvr_2.png
309,ID_294989_Jbkad9,B5myqsh1wi,6,R,26,35,0.3,TMEB419,Early,processed_data/train/B5myqsh1wi_6.png
310,ID_860853_Vcry1q,Me1ufzzcxk,4,R,23,32,2.2,TMEB419,Early,processed_data/train/Me1ufzzcxk_4.png
311,ID_965999_Xywbc2,V6awcupt6m,4,L,34,41,2.1,TMEB693,Early,processed_data/train/V6awcupt6m_4.png
312,ID_269437_Dxgg4n,Dz9lpsl9ae,5,R,45,50,2.5,TMEB419,Early,processed_data/train/Dz9lpsl9ae_5.png
313,ID_534910_Ecsqtx,Me1ufzzcxk,3,R,23,32,3.5,TMEB419,Early,processed_data/train/Me1ufzzcxk_3.png
314,ID_380636_W4jape,Ceibvxd51g,2,R,37,45,0.3,DIXON,Early,processed_data/train/Ceibvxd51g_2.png
315,ID_944556_Oelb9j,Efaiye0hmy,2,R,20,30,3.8,IBA980581,Early,processed_data/train/Efaiye0hmy_2.png
316,ID_526238_Ktqxuh,Up8aqujy0s,5,L,29,40,1.8,IBA154810,Early,processed_data/train/Up8aqujy0s_5.png
317,ID_754285_Xoi0da,Pw4ytibfql,2,L,25,32,0.5,TMEB419,Early,processed_data/train/Pw4ytibfql_2.png
318,ID_122219_Xdopq7,Sauopakhvn,5,L,19,40,3.5,TMEB419,Early,processed_data/train/Sauopakhvn_5.png
319,ID_672578_Nifv71,Kjvcz6bjfj,3,L,24,36,0.2,IBA980581,Early,processed_data/train/Kjvcz6bjfj_3.png
320,ID_747419_Zihzns,F1p0lhe1ij,4,R,30,37,2.1,IITA-TMS-IBA000070,Early,processed_data/train/F1p0lhe1ij_4.png
321,ID_375653_V9hmsh,Rxxe9bh6qn,4,L,31,40,0.01,IBA980581,Early,processed_data/train/Rxxe9bh6qn_4.png
322,ID_155140_Uzajyt,Bb02c5k7wm,5,L,22,31,0.9,TMEB693,Early,processed_data/train/Bb02c5k7wm_5.png
323,ID_969350_G9jqgp,Izbgyxre0g,4,L,24,37,1.3,IBA154810,Early,processed_data/train/Izbgyxre0g_4.png
324,ID_103784_Oslxv3,Zbjyzgqwtu,7,L,22,30,1.4,IITA-TMS-IBA000070,Early,processed_data/train/Zbjyzgqwtu_7.png
325,ID_674519_Qg52cm,Jct834ckgh,5,L,19,27,0.8,TMEB693,Late,processed_data/train/Jct834ckgh_5.png
326,ID_726494_Kdje9g,Zbjyzgqwtu,3,L,22,30,1.8,IITA-TMS-IBA000070,Early,processed_data/train/Zbjyzgqwtu_3.png
327,ID_688192_Bdosyn,L8w7zu7wek,3,R,27,33,2.9,IITA-TMS-IBA000070,Early,processed_data/train/L8w7zu7wek_3.png
328,ID_335255_Hoxqui,Tbhppxjkvr,3,L,22,31,2.9,IBA980581,Early,processed_data/train/Tbhppxjkvr_3.png
329,ID_271070_Fsmcir,Hc3b9gicdo,3,R,29,38,3.1,IITA-TMS-IBA000070,Early,processed_data/train/Hc3b9gicdo_3.png
330,ID_441610_X5hyun,Hqcekwpxgu,6,R,30,39,6.2,IITA-TMS-IBA000070,Early,processed_data/train/Hqcekwpxgu_6.png
331,ID_310774_Ryvpjg,Oipmzygepq,3,R,32,39,3.1,TMEB693,Early,processed_data/train/Oipmzygepq_3.png
332,ID_592284_Rkc2ag,Zbjyzgqwtu,4,R,15,26,0.8,IITA-TMS-IBA000070,Early,processed_data/train/Zbjyzgqwtu_4.png
333,ID_338147_Olxxlj,Hqcekwpxgu,4,R,30,39,1.8,IITA-TMS-IBA000070,Early,processed_data/train/Hqcekwpxgu_4.png
334,ID_901327_B7vh2y,Puya1uaaln,2,L,26,42,2.1,TMEB419,Early,processed_data/train/Puya1uaaln_2.png
335,ID_578787_J3kdih,Ehwtko5bvb,6,L,10,20,3.1,TMEB419,Late,processed_data/train/Ehwtko5bvb_6.png
336,ID_994625_Ecahqu,Vinlgebupo,5,L,23,29,0.2,IBA980581,Early,processed_data/train/Vinlgebupo_5.png
337,ID_140387_Y10vsb,Q4uyruus4j,1,R,27,33,0.9,IBA980581,Early,processed_data/train/Q4uyruus4j_1.png
338,ID_929269_Ocfjcp,F5lrpuuq8q,3,R,23,31,0.35,IBA980581,Early,processed_data/train/F5lrpuuq8q_3.png
339,ID_222209_H8gzo6,Pw4ytibfql,3,R,28,35,1.9,TMEB419,Early,processed_data/train/Pw4ytibfql_3.png
340,ID_140116_E9j0px,Yznlv6wrsh,4,L,30,39,1.5,DIXON,Early,processed_data/train/Yznlv6wrsh_4.png
341,ID_434761_Ypoghq,Dz9lpsl9ae,6,L,37,46,0.9,TMEB419,Early,processed_data/train/Dz9lpsl9ae_6.png
342,ID_850721_Dg5twh,Jrem9eo37e,6,R,23,41,2.1,IBA154810,Early,processed_data/train/Jrem9eo37e_6.png
343,ID_444311_Tvefbg,Ypktwvqjbn,5,L,33,41,1.7,IBA154810,Early,processed_data/train/Ypktwvqjbn_5.png
344,ID_467568_Bzuthn,Toaefqwoli,3,L,37,47,0.5,TMEB419,Early,processed_data/train/Toaefqwoli_3.png
345,ID_402245_Lg14mj,L5l1h3kekg,6,L,38,50,2.5,IITA-TMS-IBA000070,Early,processed_data/train/L5l1h3kekg_6.png
346,ID_376269_Whviji,Puya1uaaln,3,L,26,42,0.8,TMEB419,Early,processed_data/train/Puya1uaaln_3.png
347,ID_915339_Jjlwgz,Zbjyzgqwtu,1,R,15,26,1.4,IITA-TMS-IBA000070,Early,processed_data/train/Zbjyzgqwtu_1.png
348,ID_911139_Wxecsv,Zbjyzgqwtu,5,R,15,26,1.8,IITA-TMS-IBA000070,Early,processed_data/train/Zbjyzgqwtu_5.png
349,ID_912912_Nz9us7,Ph2ti2sjzu,5,L,22,35,0.35,IBA980581,Early,processed_data/train/Ph2ti2sjzu_5.png
350,ID_203893_Kiz2lt,Nrse2plksd,3,R,25,35,2.9,TMEB693,Early,processed_data/train/Nrse2plksd_3.png
351,ID_157206_Vnoejp,Ot13d4nq6t,5,L,41,50,2.5,DIXON,Early,processed_data/train/Ot13d4nq6t_5.png
352,ID_716182_Xj4hl1,Nrse2plksd,4,R,25,35,2.5,TMEB693,Early,processed_data/train/Nrse2plksd_4.png
353,ID_612325_Qhs3h2,Lnkljfdtgh,3,R,23,43,2.6,IBA980581,Early,processed_data/train/Lnkljfdtgh_3.png
354,ID_450500_H3gltt,Ah4ubi4ggi,4,R,27,44,0.8,IITA-TMS-IBA000070,Early,processed_data/train/Ah4ubi4ggi_4.png
355,ID_589812_X0qgof,Wgutyon8uu,4,R,23,37,2.2,TMEB419,Early,processed_data/train/Wgutyon8uu_4.png
356,ID_396988_Ksuu8v,Rzyf8hal4j,3,R,38,47,1.4,IBA154810,Early,processed_data/train/Rzyf8hal4j_3.png
357,ID_547506_Jqaluq,Hzapvbcfm8,5,L,19,35,1.9,IBA154810,Early,processed_data/train/Hzapvbcfm8_5.png
358,ID_675237_Ou93em,V6awcupt6m,4,R,28,39,2.1,TMEB693,Early,processed_data/train/V6awcupt6m_4.png
359,ID_116605_Dky8vk,Mylwjeq6tq,4,L,28,34,2.7,IBA980581,Early,processed_data/train/Mylwjeq6tq_4.png
360,ID_424534_Nhlm6w,Vinlgebupo,3,L,23,29,0.5,IBA980581,Early,processed_data/train/Vinlgebupo_3.png
361,ID_210119_V1cauz,Mpmvh2mgm3,2,R,24,38,4.9,TMEB419,Early,processed_data/train/Mpmvh2mgm3_2.png
362,ID_168517_Lb0hq7,Mrw7chmalv,3,R,30,43,0.9,IBA154810,Early,processed_data/train/Mrw7chmalv_3.png
363,ID_915357_Hfde1r,F1p0lhe1ij,3,R,30,37,2.1,IITA-TMS-IBA000070,Early,processed_data/train/F1p0lhe1ij_3.png
364,ID_808727_Xyfyts,P3om3dfa78,4,R,21,31,1.4,TMEB419,Early,processed_data/train/P3om3dfa78_4.png
365,ID_770667_Dphygt,Rzyf8hal4j,5,L,32,40,1.4,IBA154810,Early,processed_data/train/Rzyf8hal4j_5.png
366,ID_361716_Sufszh,Bb02c5k7wm,2,L,22,31,1.8,TMEB693,Early,processed_data/train/Bb02c5k7wm_2.png
367,ID_954111_Uvobg2,Rxxe9bh6qn,3,L,31,40,2.5,IBA980581,Early,processed_data/train/Rxxe9bh6qn_3.png
368,ID_950979_Dsho0o,Ummqfuetoc,7,L,25,32,2.7,IBA980581,Early,processed_data/train/Ummqfuetoc_7.png
369,ID_307722_Btzncs,Dhfwcg1uj2,4,R,20,32,3.1,IBA154810,Early,processed_data/train/Dhfwcg1uj2_4.png
370,ID_134641_Koib9h,Qinorm9cg3,2,L,16,24,0.4,IBA980581,Early,processed_data/train/Qinorm9cg3_2.png
371,ID_180664_Op8l7j,Pucqtyga9u,5,R,37,43,0.5,TMEB419,Early,processed_data/train/Pucqtyga9u_5.png
372,ID_202049_Zpvt7u,S11rphogci,6,L,20,34,2.1,IBA154810,Early,processed_data/train/S11rphogci_6.png
373,ID_694646_Famnkr,Toaefqwoli,7,L,37,47,1.9,TMEB419,Early,processed_data/train/Toaefqwoli_7.png
374,ID_424614_L8szj2,Q4uyruus4j,7,L,33,45,0.9,IBA980581,Early,processed_data/train/Q4uyruus4j_7.png
375,ID_860702_Avb9v1,Yznlv6wrsh,5,L,30,39,1.4,DIXON,Early,processed_data/train/Yznlv6wrsh_5.png
376,ID_223242_Vd2n5f,Tbhppxjkvr,1,R,16,24,2.3,IBA980581,Early,processed_data/train/Tbhppxjkvr_1.png
377,ID_497108_Imsrou,Xdi1ipcemf,6,L,21,28,4.3,IITA-TMS-IBA000070,Early,processed_data/train/Xdi1ipcemf_6.png
378,ID_874698_Sofloa,L6qdyaff5q,4,L,26,31,0.9,TMEB693,Early,processed_data/train/L6qdyaff5q_4.png
379,ID_925389_Gdjxgh,Laspkqmflo,4,L,33,40,0.02,IKN130010,Early,processed_data/train/Laspkqmflo_4.png
380,ID_809706_Hgrlkk,Nrse2plksd,5,L,19,30,2.9,TMEB693,Early,processed_data/train/Nrse2plksd_5.png
381,ID_592215_Hfzzen,Ntqusw7xpb,4,L,19,31,2.2,TMEB419,Early,processed_data/train/Ntqusw7xpb_4.png
382,ID_995502_L5bkz9,Izbgyxre0g,4,R,22,33,1.3,IBA154810,Early,processed_data/train/Izbgyxre0g_4.png
383,ID_490708_Isn2o5,Efaiye0hmy,1,R,20,30,4.8,IBA980581,Early,processed_data/train/Efaiye0hmy_1.png
384,ID_899134_Gyrlfg,Rzyf8hal4j,1,R,38,47,1.3,IBA154810,Early,processed_data/train/Rzyf8hal4j_1.png
385,ID_747792_Ofa0wh,Izbgyxre0g,6,R,22,33,3.7,IBA154810,Early,processed_data/train/Izbgyxre0g_6.png
